Close Time,Open,High,Low,Close,Volume
2024-01-02 13:00:00,187.9,187.9,187.9,187.9,257
2024-01-02 14:00:00,187.17,188.34,186.015,186.52,317220
2024-01-02 15:00:00,186.5,186.965,185.19,185.865,365589
2024-01-02 16:00:00,185.89,187.345,185.88,186.75,234921
2024-01-02 17:00:00,186.745,187.015,185.865,185.88,137444
2024-01-02 18:00:00,185.885,185.95,184.75,184.9,163851
2024-01-02 19:00:00,184.91,184.98,184.02,184.02,175610
2024-01-02 20:00:00,184.05,185.62,183.9,185.55,399573
2024-01-03 14:00:00,184.29,185.86,183.95,184.75,185168
2024-01-03 15:00:00,184.77,185.18,183.48,183.87,280158
2024-01-03 16:00:00,183.935,184.38,183.5,183.535,173303
2024-01-03 17:00:00,183.505,184.36,183.44,184.36,93395
2024-01-03 18:00:00,184.34,184.55,184.19,184.32,68454
2024-01-03 19:00:00,184.24,184.93,183.81,184.62,98928
2024-01-03 20:00:00,184.67,184.69,184.01,184.24,156262
2024-01-04 14:00:00,181.95,183.07,181.23,181.485,135897
2024-01-04 15:00:00,181.48,182.14,180.885,181.49,291504
2024-01-04 16:00:00,181.505,182.44,181.32,181.435,189006
2024-01-04 17:00:00,181.43,182.39,181.43,182.245,148063
2024-01-04 18:00:00,182.215,183.065,182.19,182.77,132584
2024-01-04 19:00:00,182.85,182.96,182.265,182.305,59961
2024-01-04 20:00:00,182.335,182.545,181.565,182.0,185595
2024-01-05 13:00:00,180.33,180.33,180.33,180.33,100
2024-01-05 14:00:00,181.81,182.74,181.53,181.66,109873
2024-01-05 15:00:00,181.76,182.65,181.75,182.65,156549
2024-01-05 16:00:00,182.67,182.73,181.94,182.1,60208
2024-01-05 17:00:00,182.12,182.19,181.315,181.6,82685
2024-01-05 18:00:00,181.585,182.21,181.245,182.035,90786
2024-01-05 19:00:00,182.04,182.165,180.43,180.5,247182
2024-01-05 20:00:00,180.485,181.24,180.18,181.09,258468
2024-01-08 14:00:00,182.11,183.5,181.555,183.42,170085
2024-01-08 15:00:00,183.43,183.88,183.32,183.57,136511
2024-01-08 16:00:00,183.595,183.845,183.215,183.845,101771
2024-01-08 17:00:00,183.85,184.57,183.85,184.285,118271
2024-01-08 18:00:00,184.24,184.71,184.02,184.71,97315
2024-01-08 19:00:00,184.73,185.315,184.55,185.15,88739
2024-01-08 20:00:00,185.125,185.59,184.92,185.535,173179
2024-01-09 13:00:00,184.5,184.5,184.08,184.08,1115
2024-01-09 14:00:00,183.93,184.22,182.73,183.27,88659
2024-01-09 15:00:00,183.255,183.965,182.985,183.5,138904
2024-01-09 16:00:00,183.49,184.78,183.49,184.77,106028
2024-01-09 17:00:00,184.82,184.82,184.39,184.715,57090
2024-01-09 18:00:00,184.715,184.9,184.04,184.48,83834
2024-01-09 19:00:00,184.49,184.675,184.245,184.59,74948
2024-01-09 20:00:00,184.62,185.13,184.44,185.07,269312
2024-01-10 14:00:00,184.33,184.93,183.97,184.265,134687
2024-01-10 15:00:00,184.26,184.79,183.935,184.77,144803
2024-01-10 16:00:00,184.735,185.005,184.05,184.28,109354
2024-01-10 17:00:00,184.24,184.39,184.095,184.315,102473
2024-01-10 18:00:00,184.325,184.85,184.135,184.785,94677
2024-01-10 19:00:00,184.79,186.13,184.78,186.11,106864
2024-01-10 20:00:00,186.12,186.39,185.275,186.13,244518
2024-01-11 14:00:00,186.61,187.015,184.6,184.705,163310
2024-01-11 15:00:00,184.75,184.85,183.64,184.7,145356
2024-01-11 16:00:00,184.735,184.84,183.84,183.94,108168
2024-01-11 17:00:00,183.94,184.57,183.92,184.32,65294
2024-01-11 18:00:00,184.315,185.15,184.295,185.14,84392
2024-01-11 19:00:00,185.245,185.665,185.0,185.54,74122
2024-01-11 20:00:00,185.555,185.77,184.76,185.63,180766
2024-01-12 14:00:00,186.13,186.68,185.75,185.79,80224
2024-01-12 15:00:00,185.77,186.3,185.2,185.685,93487
2024-01-12 16:00:00,185.72,186.035,185.405,185.545,68852
2024-01-12 17:00:00,185.57,185.85,185.46,185.625,40468
2024-01-12 18:00:00,185.65,185.93,185.6,185.91,50394
2024-01-12 19:00:00,185.9,186.05,185.265,185.29,73260
2024-01-12 20:00:00,185.31,185.975,185.23,185.83,131554
2024-01-16 14:00:00,182.23,182.64,180.945,181.34,299378
2024-01-16 15:00:00,181.345,183.89,181.035,183.77,223701
2024-01-16 16:00:00,183.84,184.24,182.805,182.92,122046
2024-01-16 17:00:00,182.88,182.925,182.26,182.26,76567
2024-01-16 18:00:00,182.275,182.94,182.235,182.42,74835
2024-01-16 19:00:00,182.405,182.935,182.155,182.9,79871
2024-01-16 20:00:00,182.99,183.61,182.85,183.57,134295
2024-01-17 13:00:00,181.22,181.22,181.22,181.22,900
2024-01-17 14:00:00,181.3,181.55,180.31,181.26,124604
2024-01-17 15:00:00,181.205,181.85,181.2,181.46,113782
2024-01-17 16:00:00,181.485,182.065,181.485,181.725,117980
2024-01-17 17:00:00,181.77,182.32,181.755,182.22,83193
2024-01-17 18:00:00,182.34,182.53,181.38,182.06,113211
2024-01-17 19:00:00,182.075,182.68,182.01,182.195,110071
2024-01-17 20:00:00,182.23,182.93,182.09,182.64,142820
2024-01-18 14:00:00,186.06,187.63,185.89,187.38,342669
2024-01-18 15:00:00,187.43,188.155,186.595,188.155,248422
2024-01-18 16:00:00,188.075,188.78,187.575,188.525,193988
2024-01-18 17:00:00,188.525,188.525,187.5,187.81,128254
2024-01-18 18:00:00,187.845,188.255,186.76,188.24,93746
2024-01-18 19:00:00,188.18,189.135,188.18,188.97,112294
2024-01-18 20:00:00,189.015,189.13,188.51,188.7,281103
2024-01-19 14:00:00,189.35,189.875,188.845,189.62,141919
2024-01-19 15:00:00,189.63,190.13,188.94,189.8,178977
2024-01-19 16:00:00,189.765,190.06,189.34,189.995,175710
2024-01-19 17:00:00,189.99,190.6,189.91,190.565,109654
2024-01-19 18:00:00,190.585,191.44,190.5,191.395,137063
2024-01-19 19:00:00,191.415,191.945,191.185,191.67,147657
2024-01-19 20:00:00,191.655,191.76,191.32,191.55,233069
2024-01-22 14:00:00,192.39,194.7,192.32,194.46,128610
2024-01-22 15:00:00,194.46,195.325,193.315,193.42,361834
2024-01-22 16:00:00,193.45,193.98,193.205,193.69,93890
2024-01-22 17:00:00,193.73,194.05,193.04,193.92,82994
2024-01-22 18:00:00,193.92,194.49,193.685,194.49,58933
2024-01-22 19:00:00,194.49,194.56,193.96,194.08,71975
2024-01-22 20:00:00,194.09,194.1,193.48,193.89,183081
2024-01-23 14:00:00,194.32,195.71,194.32,194.815,131865
2024-01-23 15:00:00,194.81,194.845,193.835,194.31,137382
2024-01-23 16:00:00,194.3,194.72,194.195,194.65,131247
2024-01-23 17:00:00,194.62,195.2,194.5,195.145,86167
2024-01-23 18:00:00,195.145,195.22,194.77,194.8,89750
2024-01-23 19:00:00,194.83,195.03,194.57,194.95,79081
2024-01-23 20:00:00,194.95,195.245,194.665,195.13,202570
2024-01-24 14:00:00,195.62,196.37,194.92,195.08,125559
2024-01-24 15:00:00,195.07,196.32,194.66,195.91,136196
2024-01-24 16:00:00,195.96,195.97,195.29,195.84,135735
2024-01-24 17:00:00,195.86,196.075,195.52,195.755,150404
2024-01-24 18:00:00,195.74,195.74,195.165,195.29,116036
2024-01-24 19:00:00,195.275,195.385,194.695,194.89,106873
2024-01-24 20:00:00,194.89,195.13,194.35,194.565,212951
2024-01-25 13:00:00,193.85,194.91,193.85,194.85,1654
2024-01-25 14:00:00,195.32,195.59,194.71,194.82,136716
2024-01-25 15:00:00,194.84,195.625,194.64,195.47,173251
2024-01-25 16:00:00,195.475,196.26,195.165,195.955,126660
2024-01-25 17:00:00,195.975,196.055,195.535,195.815,160050
2024-01-25 18:00:00,195.78,195.955,194.08,194.135,241767
2024-01-25 19:00:00,194.1,194.1,193.135,193.575,167332
2024-01-25 20:00:00,193.5,194.31,193.46,194.19,189080
2024-01-26 14:00:00,194.15,194.62,193.76,194.6,90454
2024-01-26 15:00:00,194.61,194.74,194.21,194.5,158524
2024-01-26 16:00:00,194.555,194.57,193.92,194.045,122784
2024-01-26 17:00:00,194.03,194.075,192.46,192.46,195819
2024-01-26 18:00:00,192.46,192.75,192.28,192.445,133693
2024-01-26 19:00:00,192.445,192.96,192.365,192.92,95827
2024-01-26 20:00:00,192.93,192.97,191.94,192.37,248068
2024-01-29 14:00:00,192.06,192.15,189.615,190.76,124391
2024-01-29 15:00:00,190.79,191.2,190.49,190.615,125046
2024-01-29 16:00:00,190.575,191.0,190.4,190.76,109054
2024-01-29 17:00:00,190.785,191.155,190.735,191.07,54268
2024-01-29 18:00:00,191.09,191.39,190.96,191.27,65746
2024-01-29 19:00:00,191.275,191.665,191.245,191.38,78244
2024-01-29 20:00:00,191.39,192.2,191.37,191.765,216374
2024-01-30 14:00:00,190.87,191.78,190.735,191.09,101148
2024-01-30 15:00:00,191.1,191.17,188.24,188.485,355370
2024-01-30 16:00:00,188.455,188.93,187.87,188.71,195200
2024-01-30 17:00:00,188.72,188.93,187.88,187.895,197754
2024-01-30 18:00:00,187.87,188.63,187.695,188.03,163531
2024-01-30 19:00:00,188.02,188.28,187.47,188.25,143250
2024-01-30 20:00:00,188.225,188.26,187.815,188.0,266952
2024-01-31 14:00:00,187.01,187.04,184.8,185.19,170385
2024-01-31 15:00:00,185.16,185.775,184.905,185.325,102858
2024-01-31 16:00:00,185.335,185.86,185.32,185.685,95070
2024-01-31 17:00:00,185.7,186.34,185.64,186.32,86284
2024-01-31 18:00:00,186.36,186.525,186.09,186.16,80805
2024-01-31 19:00:00,185.76,186.94,185.28,185.97,149852
2024-01-31 20:00:00,186.0,186.01,184.41,184.41,325433
2024-01-31 21:00:00,185.5,185.5,185.5,185.5,7578
2024-02-01 14:00:00,184.25,185.64,183.84,185.5,191440
2024-02-01 15:00:00,185.105,186.305,184.96,185.375,220714
2024-02-01 16:00:00,185.37,186.055,185.3,185.67,192270
2024-02-01 17:00:00,185.69,186.43,185.65,186.12,238716
2024-02-01 18:00:00,186.15,186.15,185.27,185.79,144655
2024-02-01 19:00:00,185.835,186.615,185.55,186.485,184381
2024-02-01 20:00:00,186.48,186.9,186.28,186.88,403025
2024-02-01 21:00:00,188.7,191.65,183.61,184.7,11045
2024-02-02 14:00:00,179.805,183.69,179.25,182.62,485272
2024-02-02 15:00:00,182.46,185.94,182.46,185.645,324008
2024-02-02 16:00:00,185.695,187.33,185.13,186.34,321982
2024-02-02 17:00:00,186.275,187.11,185.165,185.3,170184
2024-02-02 18:00:00,185.275,186.23,184.88,185.885,168565
2024-02-02 19:00:00,185.96,187.0,185.6,186.985,100615
2024-02-02 20:00:00,186.985,187.055,185.84,185.84,278167
2024-02-02 21:00:00,185.72,185.72,185.72,185.72,200
2024-02-05 14:00:00,188.235,188.235,185.86,186.595,227882
2024-02-05 15:00:00,186.54,188.315,186.13,186.905,240737
2024-02-05 16:00:00,186.9,188.1,186.81,187.985,149690
2024-02-05 17:00:00,187.95,189.25,187.895,189.1,222704
2024-02-05 18:00:00,189.05,189.05,188.53,188.72,190862
2024-02-05 19:00:00,188.73,188.88,188.385,188.5,93671
2024-02-05 20:00:00,188.525,188.6,187.64,187.64,203878
2024-02-06 14:00:00,186.87,188.62,186.79,187.95,106745
2024-02-06 15:00:00,187.86,188.3,187.3,187.7,195168
2024-02-06 16:00:00,187.72,189.01,187.71,188.83,166944
2024-02-06 17:00:00,188.85,189.14,188.43,188.525,91188
2024-02-06 18:00:00,188.53,189.0,188.53,188.755,209622
2024-02-06 19:00:00,188.8,188.81,188.265,188.575,102142
2024-02-06 20:00:00,188.6,189.3,188.18,189.3,187554
2024-02-07 14:00:00,190.585,191.01,188.85,189.005,114039
2024-02-07 15:00:00,189.005,190.4,188.61,189.64,159468
2024-02-07 16:00:00,189.63,189.65,188.81,189.13,146212
2024-02-07 17:00:00,189.14,189.22,188.67,189.02,106875
2024-02-07 18:00:00,188.96,189.29,188.8,189.2,45206
2024-02-07 19:00:00,189.205,189.4,188.9,189.26,67547
2024-02-07 20:00:00,189.225,189.405,188.96,189.37,107332
2024-02-08 14:00:00,189.5,189.5,188.71,188.94,107775
2024-02-08 15:00:00,188.95,188.96,187.36,188.095,144300
2024-02-08 16:00:00,188.16,188.4,187.835,188.39,64072
2024-02-08 17:00:00,188.43,188.72,188.075,188.085,39673
2024-02-08 18:00:00,188.105,188.35,188.0,188.145,51109
2024-02-08 19:00:00,188.225,188.3,187.99,188.185,59693
2024-02-08 20:00:00,188.175,188.44,188.1,188.38,131177
2024-02-09 14:00:00,188.675,188.93,188.0,188.65,97275
2024-02-09 15:00:00,188.705,188.81,188.37,188.675,161188
2024-02-09 16:00:00,188.695,189.99,188.68,189.77,121494
2024-02-09 17:00:00,189.78,189.82,189.105,189.64,59788
2024-02-09 18:00:00,189.64,189.655,189.06,189.09,51758
2024-02-09 19:00:00,189.0,189.02,188.7,188.925,55380
2024-02-09 20:00:00,188.955,188.955,188.57,188.835,99816
2024-02-12 14:00:00,188.42,188.65,187.465,187.94,119715
2024-02-12 15:00:00,187.875,188.045,187.395,187.79,151418
2024-02-12 16:00:00,187.795,188.175,187.705,188.01,91462
2024-02-12 17:00:00,187.955,188.195,187.705,188.15,74341
2024-02-12 18:00:00,188.16,188.355,187.56,188.0,79102
2024-02-12 19:00:00,187.97,188.01,186.92,186.96,88932
2024-02-12 20:00:00,186.975,187.45,186.81,187.2,109674
2024-02-13 14:00:00,185.81,186.19,184.21,185.18,141500
2024-02-13 15:00:00,185.14,186.175,184.8,185.81,132451
2024-02-13 16:00:00,185.865,186.02,185.28,185.4,96218
2024-02-13 17:00:00,185.4,185.77,185.11,185.16,89821
2024-02-13 18:00:00,185.14,185.435,184.97,184.97,104218
2024-02-13 19:00:00,184.975,184.975,183.805,183.835,112854
2024-02-13 20:00:00,183.885,185.19,183.53,185.085,220380
2024-02-14 14:00:00,185.29,185.46,183.91,184.03,99242
2024-02-14 15:00:00,184.04,184.27,183.11,183.185,164307
2024-02-14 16:00:00,183.1,183.59,182.82,183.01,101190
2024-02-14 17:00:00,183.01,183.01,182.52,182.71,185477
2024-02-14 18:00:00,182.715,183.14,182.44,182.955,90640
2024-02-14 19:00:00,182.955,183.205,182.51,182.91,122883
2024-02-14 20:00:00,182.93,184.26,182.92,184.02,196885
2024-02-14 21:00:00,184.12,184.12,182.21,182.21,300
2024-02-15 14:00:00,183.66,184.06,181.94,182.1,124679
2024-02-15 15:00:00,182.09,182.655,181.44,182.03,239771
2024-02-15 16:00:00,182.025,182.15,181.56,181.755,107718
2024-02-15 17:00:00,181.74,182.24,181.645,181.79,133814
2024-02-15 18:00:00,181.78,182.455,181.675,182.12,102594
2024-02-15 19:00:00,182.115,182.36,181.74,182.35,125873
2024-02-15 20:00:00,182.36,184.465,182.12,183.86,425627
2024-02-16 14:00:00,183.45,184.82,182.35,182.41,79894
2024-02-16 15:00:00,182.29,183.345,181.89,183.055,327720
2024-02-16 16:00:00,183.08,183.445,182.865,183.1,128477
2024-02-16 17:00:00,183.06,183.11,182.65,182.65,49596
2024-02-16 18:00:00,182.74,182.9,182.48,182.9,105246
2024-02-16 19:00:00,182.95,183.185,182.04,182.205,116603
2024-02-16 20:00:00,182.17,182.39,181.685,182.3,190753
2024-02-20 14:00:00,181.775,182.42,180.715,180.835,213691
2024-02-20 15:00:00,180.81,180.83,180.01,180.735,214000
2024-02-20 16:00:00,180.725,181.365,180.715,181.08,234220
2024-02-20 17:00:00,181.055,181.12,180.51,180.735,124254
2024-02-20 18:00:00,180.795,180.94,180.42,180.72,87251
2024-02-20 19:00:00,180.715,180.91,180.42,180.9,59815
2024-02-20 20:00:00,180.925,181.64,180.87,181.64,226174
2024-02-21 14:00:00,182.05,182.88,181.56,182.495,71245
2024-02-21 15:00:00,182.565,182.85,182.14,182.15,69336
2024-02-21 16:00:00,182.125,182.59,182.01,182.15,62979
2024-02-21 17:00:00,182.105,182.12,181.18,181.58,51159
2024-02-21 18:00:00,181.51,181.71,181.08,181.31,49259
2024-02-21 19:00:00,181.12,181.46,180.685,181.01,79043
2024-02-21 20:00:00,181.025,182.39,180.96,182.32,140296
2024-02-22 13:00:00,183.16,183.16,183.16,183.16,100
2024-02-22 14:00:00,183.47,184.18,182.555,183.16,134674
2024-02-22 15:00:00,183.21,183.48,182.715,182.77,135358
2024-02-22 16:00:00,182.86,183.25,182.48,182.96,74001
2024-02-22 17:00:00,182.89,183.63,182.75,183.62,64108
2024-02-22 18:00:00,183.62,184.27,183.535,184.19,56198
2024-02-22 19:00:00,184.22,184.95,184.22,184.56,102120
2024-02-22 20:00:00,184.48,184.84,184.185,184.34,319616
2024-02-23 14:00:00,185.015,185.015,183.755,183.905,65744
2024-02-23 15:00:00,183.89,183.915,182.99,183.4,105463
2024-02-23 16:00:00,183.41,183.41,182.645,182.9,98251
2024-02-23 17:00:00,182.9,183.02,182.31,182.8,72038
2024-02-23 18:00:00,182.805,182.97,182.61,182.725,53376
2024-02-23 19:00:00,182.735,182.75,182.44,182.61,53989
2024-02-23 20:00:00,182.605,182.815,182.445,182.5,194456
2024-02-23 21:00:00,182.5,182.5,182.5,182.5,100
2024-02-26 14:00:00,182.31,182.74,181.17,181.51,78551
2024-02-26 15:00:00,181.525,181.84,181.21,181.24,112762
2024-02-26 16:00:00,181.235,181.26,180.755,181.225,89726
2024-02-26 17:00:00,181.135,181.135,180.65,180.795,58454
2024-02-26 18:00:00,180.855,181.38,180.71,181.38,50115
2024-02-26 19:00:00,181.45,181.77,181.34,181.49,53569
2024-02-26 20:00:00,181.495,181.61,181.09,181.2,113056
2024-02-27 14:00:00,181.19,181.495,180.315,180.92,90218
2024-02-27 15:00:00,180.91,181.66,180.73,181.045,101126
2024-02-27 16:00:00,181.09,181.115,180.73,180.835,91091
2024-02-27 17:00:00,180.825,181.01,180.16,180.175,77577
2024-02-27 18:00:00,180.165,180.48,180.01,180.46,106016
2024-02-27 19:00:00,180.465,183.895,180.435,182.94,241421
2024-02-27 20:00:00,182.95,182.99,182.18,182.66,224962
2024-02-28 14:00:00,182.54,182.97,181.18,181.34,97010
2024-02-28 15:00:00,181.3,181.87,180.98,181.335,74789
2024-02-28 16:00:00,181.285,181.76,181.16,181.235,67580
2024-02-28 17:00:00,181.15,181.385,180.19,180.21,98351
2024-02-28 18:00:00,180.18,180.87,180.13,180.85,97337
2024-02-28 19:00:00,180.89,180.92,180.36,180.71,80135
2024-02-28 20:00:00,180.735,181.47,180.55,181.45,158229
2024-02-28 21:00:00,181.09,181.09,181.09,181.09,100
2024-02-29 14:00:00,181.32,182.54,181.18,181.49,134241
2024-02-29 15:00:00,181.51,182.12,180.71,180.94,234751
2024-02-29 16:00:00,180.955,180.965,179.56,180.125,186971
2024-02-29 17:00:00,180.095,180.3,179.66,180.145,135138
2024-02-29 18:00:00,180.155,180.63,179.685,180.11,123119
2024-02-29 19:00:00,180.11,180.47,179.86,180.16,140128
2024-02-29 20:00:00,180.2,181.085,179.57,180.73,388537
2024-03-01 14:00:00,179.66,180.48,179.1,179.26,150102
2024-03-01 15:00:00,179.425,179.9,177.67,178.295,229067
2024-03-01 16:00:00,178.295,178.465,177.73,177.935,185513
2024-03-01 17:00:00,177.93,178.64,177.38,178.52,131672
2024-03-01 18:00:00,178.54,179.39,178.35,179.31,142773
2024-03-01 19:00:00,179.32,180.21,179.31,180.03,117712
2024-03-01 20:00:00,180.0,180.0,179.43,179.64,224727
2024-03-04 14:00:00,175.84,176.85,174.63,174.975,248889
2024-03-04 15:00:00,174.97,175.0,173.9,174.82,431778
2024-03-04 16:00:00,174.815,175.01,174.105,174.135,227904
2024-03-04 17:00:00,174.13,174.69,174.01,174.05,181183
2024-03-04 18:00:00,174.025,174.505,173.79,174.23,141587
2024-03-04 19:00:00,174.165,175.635,173.99,175.32,181124
2024-03-04 20:00:00,175.385,175.47,174.955,175.09,291174
2024-03-05 14:00:00,170.8,172.02,170.09,170.48,345400
2024-03-05 15:00:00,170.51,170.995,169.64,170.41,309797
2024-03-05 16:00:00,170.4,170.805,169.87,170.265,217587
2024-03-05 17:00:00,170.235,170.845,170.11,170.29,111570
2024-03-05 18:00:00,170.32,170.76,169.96,170.0,99868
2024-03-05 19:00:00,169.98,170.315,169.805,170.04,121483
2024-03-05 20:00:00,170.06,170.23,169.82,170.13,254437
2024-03-06 14:00:00,171.115,171.21,168.94,169.82,177230
2024-03-06 15:00:00,169.7,170.0,168.985,169.55,161367
2024-03-06 16:00:00,169.56,170.005,169.33,169.76,129689
2024-03-06 17:00:00,169.77,170.35,169.7,170.15,86865
2024-03-06 18:00:00,170.06,170.21,169.06,169.38,82583
2024-03-06 19:00:00,169.355,169.38,168.71,168.83,84869
2024-03-06 20:00:00,168.81,169.38,168.76,169.11,184062
2024-03-07 14:00:00,169.15,169.77,168.5,169.71,209669
2024-03-07 15:00:00,169.72,169.725,168.65,168.75,203383
2024-03-07 16:00:00,168.785,169.52,168.63,169.18,200351
2024-03-07 17:00:00,169.25,169.59,169.0,169.11,173520
2024-03-07 18:00:00,169.1,170.58,169.0,170.5,97605
2024-03-07 19:00:00,170.58,170.685,169.805,170.235,109019
2024-03-07 20:00:00,170.18,170.21,168.94,168.97,221809
2024-03-08 14:00:00,169.13,170.86,168.975,170.745,139883
2024-03-08 15:00:00,170.74,171.9,170.65,171.3,177447
2024-03-08 16:00:00,171.385,172.475,170.96,171.47,132476
2024-03-08 17:00:00,171.465,172.785,171.38,171.84,131907
2024-03-08 18:00:00,171.745,172.48,171.74,172.41,108113
2024-03-08 19:00:00,172.405,173.68,172.405,172.825,216445
2024-03-08 20:00:00,172.74,172.97,170.95,170.98,235630
2024-03-11 13:00:00,172.975,174.365,172.835,173.8,205875
2024-03-11 14:00:00,173.805,173.99,172.295,172.47,167396
2024-03-11 15:00:00,172.45,173.285,172.31,173.05,101721
2024-03-11 16:00:00,173.115,173.15,172.55,172.61,96955
2024-03-11 17:00:00,172.55,173.41,172.05,172.6,117034
2024-03-11 18:00:00,172.645,172.87,172.39,172.87,54718
2024-03-11 19:00:00,172.86,173.065,172.44,172.81,115475
2024-03-12 13:00:00,173.15,173.44,171.035,171.48,154298
2024-03-12 14:00:00,171.47,172.89,171.47,172.6,148349
2024-03-12 15:00:00,172.63,172.91,172.34,172.57,113796
2024-03-12 16:00:00,172.605,173.09,171.96,172.52,151939
2024-03-12 17:00:00,172.615,173.49,172.465,173.265,58763
2024-03-12 18:00:00,173.265,173.955,173.235,173.745,101833
2024-03-12 19:00:00,173.74,174.02,173.15,173.2,216820
2024-03-12 20:00:00,173.1,173.1,173.1,173.1,108
2024-03-13 13:00:00,172.82,173.145,171.62,171.69,177220
2024-03-13 14:00:00,171.67,171.67,170.8,171.04,195885
2024-03-13 15:00:00,171.04,171.21,170.88,171.045,86771
2024-03-13 16:00:00,171.04,171.14,170.87,171.015,65585
2024-03-13 17:00:00,171.07,171.525,171.02,171.48,56101
2024-03-13 18:00:00,171.465,171.8,171.46,171.65,52866
2024-03-13 19:00:00,171.65,171.72,171.05,171.13,131032
2024-03-14 13:00:00,172.96,173.275,172.1,172.785,118830
2024-03-14 14:00:00,172.73,173.89,172.4,173.84,168063
2024-03-14 15:00:00,173.84,174.29,173.07,173.18,101706
2024-03-14 16:00:00,173.24,173.3,172.3,172.37,95866
2024-03-14 17:00:00,172.36,173.825,172.26,173.69,172691
2024-03-14 18:00:00,173.745,174.0,172.89,172.93,108737
2024-03-14 19:00:00,172.88,173.27,172.22,173.1,201159
2024-03-15 13:00:00,171.64,172.42,170.69,171.44,224397
2024-03-15 14:00:00,171.395,171.58,170.31,170.7,251049
2024-03-15 15:00:00,170.76,171.16,170.63,170.975,114373
2024-03-15 16:00:00,170.98,171.51,170.68,170.69,121567
2024-03-15 17:00:00,170.705,171.13,170.53,171.13,102068
2024-03-15 18:00:00,171.23,171.52,170.82,171.505,114399
2024-03-15 19:00:00,171.51,172.6,171.47,172.59,206903
2024-03-18 12:00:00,174.75,174.75,174.75,174.75,150
2024-03-18 13:00:00,175.49,177.56,174.93,176.77,215529
2024-03-18 14:00:00,176.92,177.7,176.595,177.16,204240
2024-03-18 15:00:00,177.245,177.245,175.62,175.65,105072
2024-03-18 16:00:00,175.64,175.65,175.09,175.11,68452
2024-03-18 17:00:00,175.085,175.45,174.755,175.115,90809
2024-03-18 18:00:00,175.12,175.535,174.88,174.96,64098
2024-03-18 19:00:00,174.99,175.16,173.525,173.68,163973
2024-03-19 13:00:00,174.34,174.49,173.03,174.44,105250
2024-03-19 14:00:00,174.63,175.33,174.46,174.88,114078
2024-03-19 15:00:00,174.9,175.405,174.69,175.24,78520
2024-03-19 16:00:00,175.145,175.47,174.885,175.29,60011
2024-03-19 17:00:00,175.39,176.12,175.385,176.09,82814
2024-03-19 18:00:00,176.115,176.605,176.08,176.21,183411
2024-03-19 19:00:00,176.215,176.525,175.79,176.1,196460
2024-03-20 13:00:00,175.64,176.1,175.12,175.69,98807
2024-03-20 14:00:00,175.68,176.38,175.61,175.935,102221
2024-03-20 15:00:00,175.93,176.2,175.73,176.16,48747
2024-03-20 16:00:00,176.145,176.75,176.065,176.68,50730
2024-03-20 17:00:00,176.71,176.77,176.285,176.625,45705
2024-03-20 18:00:00,176.76,178.245,176.62,177.96,138275
2024-03-20 19:00:00,178.0,178.61,177.86,178.61,220315
2024-03-21 13:00:00,177.055,177.475,176.025,176.07,138376
2024-03-21 14:00:00,176.015,176.19,172.58,172.6,274111
2024-03-21 15:00:00,172.76,173.22,171.85,171.99,393435
2024-03-21 16:00:00,171.98,172.595,171.86,172.16,152722
2024-03-21 17:00:00,172.14,172.4,171.07,171.09,160242
2024-03-21 18:00:00,171.09,171.445,170.85,171.11,193603
2024-03-21 19:00:00,171.155,171.56,170.85,171.38,331717
2024-03-22 13:00:00,171.76,172.31,170.07,171.01,286858
2024-03-22 14:00:00,171.04,172.555,170.87,171.885,196434
2024-03-22 15:00:00,171.87,172.81,171.865,172.59,96840
2024-03-22 16:00:00,172.615,172.87,172.09,172.65,81581
2024-03-22 17:00:00,172.655,172.935,172.37,172.68,63856
2024-03-22 18:00:00,172.64,172.925,172.375,172.73,61799
2024-03-22 19:00:00,172.74,173.05,172.26,172.27,157716
2024-03-25 13:00:00,170.47,170.65,169.45,170.18,170086
2024-03-25 14:00:00,170.15,170.6,169.79,170.535,125730
2024-03-25 15:00:00,170.525,170.765,170.1,170.62,87996
2024-03-25 16:00:00,170.62,171.145,170.405,170.99,86635
2024-03-25 17:00:00,171.0,171.51,171.0,171.455,98943
2024-03-25 18:00:00,171.475,171.61,171.235,171.45,71221
2024-03-25 19:00:00,171.46,171.93,170.81,170.89,152560
2024-03-26 13:00:00,170.05,170.805,169.66,170.745,66528
2024-03-26 14:00:00,170.655,171.065,170.375,170.61,72843
2024-03-26 15:00:00,170.65,170.85,170.45,170.57,67504
2024-03-26 16:00:00,170.555,171.25,170.555,171.03,76254
2024-03-26 17:00:00,171.105,171.38,170.28,170.295,69841
2024-03-26 18:00:00,170.29,170.575,170.17,170.55,57458
2024-03-26 19:00:00,170.52,170.66,169.63,169.89,222314
2024-03-27 13:00:00,170.45,172.875,170.13,172.72,149022
2024-03-27 14:00:00,172.695,173.105,171.955,172.485,199064
2024-03-27 15:00:00,172.475,172.76,172.05,172.05,113024
2024-03-27 16:00:00,172.07,172.34,171.865,172.16,82847
2024-03-27 17:00:00,172.165,172.485,172.01,172.3,73928
2024-03-27 18:00:00,172.28,172.815,172.24,172.74,106329
2024-03-27 19:00:00,172.71,173.6,172.64,173.355,251846
2024-03-28 13:00:00,171.87,171.87,170.75,171.335,62847
2024-03-28 14:00:00,171.29,171.48,170.53,170.87,120513
2024-03-28 15:00:00,170.865,171.14,170.57,171.115,92467
2024-03-28 16:00:00,171.105,171.33,170.735,171.32,97698
2024-03-28 17:00:00,171.28,171.5,170.905,171.48,70395
2024-03-28 18:00:00,171.475,172.055,171.34,172.05,77759
2024-03-28 19:00:00,172.08,172.22,171.37,171.51,239583
2024-04-01 13:00:00,171.195,171.21,170.06,170.125,87649
2024-04-01 14:00:00,170.17,170.45,169.83,169.875,93679
2024-04-01 15:00:00,169.87,170.08,169.485,169.625,83164
2024-04-01 16:00:00,169.655,170.0,169.6,169.82,54877
2024-04-01 17:00:00,169.82,170.09,169.76,170.02,47625
2024-04-01 18:00:00,169.985,170.07,169.865,170.015,54490
2024-04-01 19:00:00,170.01,170.24,169.865,169.97,156802
2024-04-02 12:00:00,169.36,169.36,169.22,169.22,200
2024-04-02 13:00:00,169.08,169.255,168.27,169.07,114753
2024-04-02 14:00:00,169.1,169.34,168.555,168.675,84617
2024-04-02 15:00:00,168.67,169.14,168.63,168.65,75974
2024-04-02 16:00:00,168.645,168.85,168.38,168.8,69049
2024-04-02 17:00:00,168.82,169.095,168.81,169.01,108078
2024-04-02 18:00:00,169.015,169.055,168.77,168.825,91952
2024-04-02 19:00:00,168.82,169.22,168.73,168.93,230338
2024-04-03 13:00:00,168.735,169.32,168.62,169.075,112240
2024-04-03 14:00:00,169.25,170.63,169.24,170.495,101588
2024-04-03 15:00:00,170.56,170.67,170.395,170.4,105582
2024-04-03 16:00:00,170.405,170.45,169.75,170.23,78280
2024-04-03 17:00:00,170.265,170.38,170.15,170.165,39057
2024-04-03 18:00:00,170.13,170.37,170.11,170.27,44144
2024-04-03 19:00:00,170.235,170.58,169.31,169.74,182091
2024-04-04 13:00:00,170.65,171.0,170.05,170.97,82842
2024-04-04 14:00:00,170.97,171.17,170.72,171.02,75141
2024-04-04 15:00:00,171.05,171.755,170.85,171.74,49284
2024-04-04 16:00:00,171.73,171.905,171.34,171.41,63248
2024-04-04 17:00:00,171.41,171.59,170.805,170.825,57221
2024-04-04 18:00:00,170.74,170.76,169.22,169.79,160025
2024-04-04 19:00:00,169.72,169.91,168.84,168.86,249276
2024-04-05 12:00:00,169.77,169.77,169.77,169.77,360
2024-04-05 13:00:00,169.565,169.735,168.98,169.53,74373
2024-04-05 14:00:00,169.54,169.885,169.055,169.65,121721
2024-04-05 15:00:00,169.62,170.24,169.22,170.22,92503
2024-04-05 16:00:00,170.22,170.36,169.935,170.28,47184
2024-04-05 17:00:00,170.25,170.35,169.56,169.63,49393
2024-04-05 18:00:00,169.58,169.97,169.36,169.595,64624
2024-04-05 19:00:00,169.555,169.97,169.51,169.68,158344
2024-04-08 13:00:00,169.175,169.175,168.35,169.0,55796
2024-04-08 14:00:00,168.965,169.15,168.725,169.0,83573
2024-04-08 15:00:00,169.0,169.03,168.46,168.635,43951
2024-04-08 16:00:00,168.62,168.83,168.27,168.81,33354
2024-04-08 17:00:00,168.81,168.81,168.41,168.71,41329
2024-04-08 18:00:00,168.725,168.885,168.545,168.76,33291
2024-04-08 19:00:00,168.745,168.955,168.33,168.54,133740
2024-04-09 13:00:00,168.79,169.85,168.51,169.63,52723
2024-04-09 14:00:00,169.59,170.065,168.49,168.84,102352
2024-04-09 15:00:00,168.77,169.15,168.6,168.98,56446
2024-04-09 16:00:00,169.02,169.23,168.83,169.05,54036
2024-04-09 17:00:00,168.99,169.55,168.95,168.95,63106
2024-04-09 18:00:00,168.9,168.91,168.5,168.59,95791
2024-04-09 19:00:00,168.555,169.72,168.35,169.7,129900
2024-04-10 13:00:00,168.9,169.06,167.34,167.43,103820
2024-04-10 14:00:00,167.435,168.685,167.12,168.025,150266
2024-04-10 15:00:00,168.025,168.06,167.54,167.64,59223
2024-04-10 16:00:00,167.65,168.42,167.6,168.39,48434
2024-04-10 17:00:00,168.4,168.6,167.65,168.23,74529
2024-04-10 18:00:00,168.15,168.4,167.71,167.73,60079
2024-04-10 19:00:00,167.725,168.675,167.7,167.73,150633
2024-04-11 13:00:00,168.26,169.16,168.185,168.98,159408
2024-04-11 14:00:00,169.0,169.325,168.31,169.135,207738
2024-04-11 15:00:00,169.19,169.935,168.955,169.9,134311
2024-04-11 16:00:00,169.9,170.44,169.845,170.395,163087
2024-04-11 17:00:00,170.4,173.24,170.3,173.02,249272
2024-04-11 18:00:00,173.02,174.47,172.95,173.565,351890
2024-04-11 19:00:00,173.56,175.455,173.56,175.04,721252
2024-04-12 13:00:00,174.39,178.35,174.23,178.03,437141
2024-04-12 14:00:00,178.03,178.18,175.75,175.865,362163
2024-04-12 15:00:00,175.92,176.93,175.36,175.91,288380
2024-04-12 16:00:00,175.96,176.21,174.92,175.02,217798
2024-04-12 17:00:00,175.045,175.965,174.805,175.41,218419
2024-04-12 18:00:00,175.41,176.235,175.345,175.96,240228
2024-04-12 19:00:00,175.935,176.735,175.635,176.62,560010
2024-04-15 13:00:00,175.455,175.98,173.86,174.7,321248
2024-04-15 14:00:00,174.65,175.27,174.51,174.83,214634
2024-04-15 15:00:00,174.89,176.61,174.89,176.0,352005
2024-04-15 16:00:00,176.0,176.14,174.9,175.135,134286
2024-04-15 17:00:00,175.12,175.56,173.55,173.92,222031
2024-04-15 18:00:00,173.885,173.885,172.51,173.31,357041
2024-04-15 19:00:00,173.26,173.6,172.66,172.73,403374
2024-04-16 13:00:00,171.69,173.75,171.47,172.81,167288
2024-04-16 14:00:00,172.86,172.97,169.125,169.145,321905
2024-04-16 15:00:00,169.095,169.655,168.415,169.01,224341
2024-04-16 16:00:00,169.07,169.835,168.27,169.07,109438
2024-04-16 17:00:00,169.13,169.71,168.43,169.48,111187
2024-04-16 18:00:00,169.46,170.4,168.84,170.02,87605
2024-04-16 19:00:00,170.07,170.07,169.28,169.34,152673
2024-04-17 13:00:00,169.53,170.63,169.345,169.86,74846
2024-04-17 14:00:00,169.875,170.625,169.6,169.87,117480
2024-04-17 15:00:00,169.89,170.13,168.89,168.92,49837
2024-04-17 16:00:00,168.85,169.0,168.075,168.375,59235
2024-04-17 17:00:00,168.315,168.97,168.3,168.915,89556
2024-04-17 18:00:00,168.95,169.165,168.3,168.305,79074
2024-04-17 19:00:00,168.25,168.525,168.0,168.01,134187
2024-04-18 13:00:00,168.06,168.62,167.55,167.7,118651
2024-04-18 14:00:00,167.7,168.24,167.34,168.16,194084
2024-04-18 15:00:00,168.185,168.245,167.79,167.84,73494
2024-04-18 16:00:00,167.84,167.95,166.74,166.81,98354
2024-04-18 17:00:00,166.795,167.12,166.57,166.86,106606
2024-04-18 18:00:00,166.825,167.11,166.64,166.725,112952
2024-04-18 19:00:00,166.75,167.35,166.75,167.03,195561
2024-04-19 13:00:00,166.71,166.71,165.235,165.33,105916
2024-04-19 14:00:00,165.365,165.65,164.825,165.585,137063
2024-04-19 15:00:00,165.55,165.61,164.35,164.38,111163
2024-04-19 16:00:00,164.43,165.295,164.08,165.22,163501
2024-04-19 17:00:00,165.15,165.49,164.845,165.28,110929
2024-04-19 18:00:00,165.26,165.66,164.53,164.97,165423
2024-04-19 19:00:00,164.935,165.22,164.8,164.96,236066
2024-04-22 13:00:00,165.53,166.23,165.34,165.835,115344
2024-04-22 14:00:00,165.835,166.02,165.135,165.23,138487
2024-04-22 15:00:00,165.2,165.7,164.78,165.63,121928
2024-04-22 16:00:00,165.69,165.85,165.44,165.82,79855
2024-04-22 17:00:00,165.89,167.25,165.805,167.19,110098
2024-04-22 18:00:00,167.19,167.22,166.255,166.59,218646
2024-04-22 19:00:00,166.595,166.86,165.65,165.91,148518
2024-04-23 13:00:00,165.29,166.55,165.03,166.205,84446
2024-04-23 14:00:00,166.165,166.69,165.63,166.535,142422
2024-04-23 15:00:00,166.57,166.97,166.25,166.345,99161
2024-04-23 16:00:00,166.35,166.64,166.07,166.465,88670
2024-04-23 17:00:00,166.445,166.74,166.17,166.74,69265
2024-04-23 18:00:00,166.745,166.86,166.67,166.78,87607
2024-04-23 19:00:00,166.77,167.05,166.5,166.81,209964
2024-04-24 13:00:00,166.425,167.91,166.28,167.46,120541
2024-04-24 14:00:00,167.52,168.295,167.52,167.78,85607
2024-04-24 15:00:00,167.76,168.695,167.715,168.6,146367
2024-04-24 16:00:00,168.645,169.27,168.13,168.35,125465
2024-04-24 17:00:00,168.33,169.29,168.28,169.1,65858
2024-04-24 18:00:00,169.07,169.09,168.29,168.46,72891
2024-04-24 19:00:00,168.45,169.285,168.35,169.075,170178
2024-04-25 13:00:00,169.525,170.59,168.94,168.99,221741
2024-04-25 14:00:00,169.04,169.49,168.49,168.61,129926
2024-04-25 15:00:00,168.61,168.845,168.18,168.515,77686
2024-04-25 16:00:00,168.56,169.52,168.51,169.35,68030
2024-04-25 17:00:00,169.39,169.605,168.86,169.55,76441
2024-04-25 18:00:00,169.56,169.735,168.97,169.56,105386
2024-04-25 19:00:00,169.57,170.03,169.42,169.94,611993
2024-04-26 13:00:00,169.96,170.69,169.595,170.1,60256
2024-04-26 14:00:00,170.145,171.18,170.05,171.09,74176
2024-04-26 15:00:00,171.115,171.32,170.385,170.52,84882
2024-04-26 16:00:00,170.51,170.515,169.93,170.0,70439
2024-04-26 17:00:00,170.0,170.15,169.39,169.525,55550
2024-04-26 18:00:00,169.48,170.01,169.385,170.0,45652
2024-04-26 19:00:00,170.0,170.095,169.19,169.19,144710
2024-04-29 13:00:00,173.19,176.03,173.175,175.19,393499
2024-04-29 14:00:00,175.2,175.975,174.4,174.87,162887
2024-04-29 15:00:00,174.855,175.12,174.0,174.675,110089
2024-04-29 16:00:00,174.675,174.825,174.25,174.55,96113
2024-04-29 17:00:00,174.555,175.09,174.39,174.81,131444
2024-04-29 18:00:00,174.805,174.805,173.95,174.64,123457
2024-04-29 19:00:00,174.56,174.57,173.145,173.48,192737
2024-04-30 13:00:00,173.39,174.715,172.66,174.53,116992
2024-04-30 14:00:00,174.415,174.98,174.025,174.115,94277
2024-04-30 15:00:00,174.15,174.355,173.65,174.16,63095
2024-04-30 16:00:00,174.185,174.185,173.265,173.85,40999
2024-04-30 17:00:00,173.91,173.92,173.11,173.67,58942
2024-04-30 18:00:00,173.69,173.875,172.85,173.1,69867
2024-04-30 19:00:00,173.06,173.22,170.05,170.05,173561
2024-05-01 13:00:00,169.82,170.635,169.145,170.305,69284
2024-05-01 14:00:00,170.23,171.34,170.23,171.11,38249
2024-05-01 15:00:00,171.02,171.585,170.65,171.555,56563
2024-05-01 16:00:00,171.47,171.72,171.11,171.14,84687
2024-05-01 17:00:00,171.045,171.24,170.705,171.24,41144
2024-05-01 18:00:00,171.15,172.58,170.86,172.475,71002
2024-05-01 19:00:00,172.49,172.675,169.26,169.34,240193
2024-05-02 13:00:00,172.42,172.59,171.23,171.45,226645
2024-05-02 14:00:00,171.405,172.065,170.9,171.55,162137
2024-05-02 15:00:00,171.6,172.185,171.455,172.135,177221
2024-05-02 16:00:00,172.12,172.49,171.96,172.12,124247
2024-05-02 17:00:00,172.185,172.78,172.185,172.605,142635
2024-05-02 18:00:00,172.61,173.085,172.42,172.95,160076
2024-05-02 19:00:00,172.94,173.41,172.57,173.13,315099
2024-05-02 20:00:00,179.06,185.64,178.66,185.32,45135
2024-05-03 12:00:00,185.49,185.49,185.49,185.49,532
2024-05-03 13:00:00,185.51,186.97,183.61,184.115,1041280
2024-05-03 14:00:00,184.27,184.975,182.68,184.76,688039
2024-05-03 15:00:00,184.805,184.99,183.93,184.59,464878
2024-05-03 16:00:00,184.61,184.94,184.15,184.755,325858
2024-05-03 17:00:00,184.755,185.49,184.595,185.055,331458
2024-05-03 18:00:00,185.06,185.99,185.055,185.375,302067
2024-05-03 19:00:00,185.345,185.35,183.05,183.36,834921
2024-05-06 13:00:00,182.82,184.14,181.655,182.48,232843
2024-05-06 14:00:00,182.48,183.08,181.91,182.39,228796
2024-05-06 15:00:00,182.305,182.36,181.695,182.33,112772
2024-05-06 16:00:00,182.31,182.355,181.28,181.53,83071
2024-05-06 17:00:00,181.61,181.68,180.43,181.07,111656
2024-05-06 18:00:00,181.09,181.335,180.695,181.115,75930
2024-05-06 19:00:00,181.18,181.98,180.9,181.62,221773
2024-05-07 13:00:00,183.17,184.89,183.17,183.93,166747
2024-05-07 14:00:00,183.93,184.47,182.32,182.6,208249
2024-05-07 15:00:00,182.61,182.97,181.44,181.56,136843
2024-05-07 16:00:00,181.585,182.005,181.33,181.82,91584
2024-05-07 17:00:00,181.89,182.79,181.89,182.71,68723
2024-05-07 18:00:00,182.705,182.92,182.33,182.5,63641
2024-05-07 19:00:00,182.46,182.665,182.18,182.35,112906
2024-05-08 13:00:00,182.83,182.945,181.855,182.09,129433
2024-05-08 14:00:00,182.09,182.365,181.47,182.05,58667
2024-05-08 15:00:00,182.085,182.35,181.855,182.26,49267
2024-05-08 16:00:00,182.29,182.6,182.1,182.19,51141
2024-05-08 17:00:00,182.13,182.69,182.12,182.64,35505
2024-05-08 18:00:00,182.61,182.985,182.48,182.79,63579
2024-05-08 19:00:00,182.76,183.04,182.635,182.73,160185
2024-05-09 13:00:00,182.635,183.82,182.14,183.74,121734
2024-05-09 14:00:00,183.745,183.86,183.15,183.265,163105
2024-05-09 15:00:00,183.295,183.845,183.245,183.55,88237
2024-05-09 16:00:00,183.505,184.015,183.44,183.975,61500
2024-05-09 17:00:00,184.0,184.65,183.92,184.48,110977
2024-05-09 18:00:00,184.41,184.61,184.07,184.54,69178
2024-05-09 19:00:00,184.515,184.65,184.245,184.62,162376
2024-05-10 13:00:00,184.9,185.085,183.36,183.59,141281
2024-05-10 14:00:00,183.595,183.94,182.28,182.515,142241
2024-05-10 15:00:00,182.57,182.87,182.38,182.6,154586
2024-05-10 16:00:00,182.58,182.585,182.285,182.38,54169
2024-05-10 17:00:00,182.375,182.515,182.15,182.475,46129
2024-05-10 18:00:00,182.48,182.91,182.35,182.91,75620
2024-05-10 19:00:00,182.9,183.185,182.68,183.01,103082
2024-05-13 13:00:00,185.41,185.595,184.64,185.19,189417
2024-05-13 14:00:00,185.205,186.43,184.94,186.07,138157
2024-05-13 15:00:00,186.02,186.25,185.77,186.045,144933
2024-05-13 16:00:00,186.035,186.88,185.97,186.81,241798
2024-05-13 17:00:00,186.815,186.91,186.255,186.785,176796
2024-05-13 18:00:00,186.785,186.94,186.595,186.82,142800
2024-05-13 19:00:00,186.81,187.1,186.075,186.28,288643
2024-05-14 13:00:00,187.775,188.245,186.94,187.0,125849
2024-05-14 14:00:00,187.02,187.12,186.305,186.97,67083
2024-05-14 15:00:00,187.015,187.16,186.58,186.91,42116
2024-05-14 16:00:00,186.92,186.95,186.61,186.75,49797
2024-05-14 17:00:00,186.78,187.04,186.48,186.94,29108
2024-05-14 18:00:00,186.895,187.645,186.895,187.52,54396
2024-05-14 19:00:00,187.55,187.9,187.215,187.38,210321
2024-05-15 13:00:00,187.97,188.88,187.38,188.83,72572
2024-05-15 14:00:00,188.9,189.945,188.82,189.925,126790
2024-05-15 15:00:00,189.935,190.06,189.55,189.87,155575
2024-05-15 16:00:00,189.86,190.5,189.81,190.395,70379
2024-05-15 17:00:00,190.395,190.63,190.2,190.37,82035
2024-05-15 18:00:00,190.315,190.32,189.825,189.98,68223
2024-05-15 19:00:00,189.95,190.26,189.515,189.73,312499
2024-05-16 13:00:00,190.41,191.09,189.985,190.54,128006
2024-05-16 14:00:00,190.5,190.75,190.04,190.36,136975
2024-05-16 15:00:00,190.39,190.545,189.775,190.04,74124
2024-05-16 16:00:00,189.995,190.485,189.835,190.325,58574
2024-05-16 17:00:00,190.32,190.45,189.89,190.18,93270
2024-05-16 18:00:00,190.155,190.155,189.77,189.94,83115
2024-05-16 19:00:00,189.915,190.185,189.67,189.93,161019
2024-05-17 13:00:00,189.51,190.79,189.22,190.375,71892
2024-05-17 14:00:00,190.41,190.49,189.835,189.975,46787
2024-05-17 15:00:00,189.91,189.945,189.47,189.58,49540
2024-05-17 16:00:00,189.58,189.97,189.57,189.905,34226
2024-05-17 17:00:00,189.9,189.915,189.605,189.795,14633
2024-05-17 18:00:00,189.78,190.05,189.42,189.98,32466
2024-05-17 19:00:00,189.95,190.14,189.75,189.865,184218
2024-05-20 13:00:00,189.295,190.9,189.03,190.9,74784
2024-05-20 14:00:00,190.94,191.91,190.81,191.475,180524
2024-05-20 15:00:00,191.475,191.67,191.09,191.28,111052
2024-05-20 16:00:00,191.275,191.675,191.02,191.615,112465
2024-05-20 17:00:00,191.615,191.81,191.385,191.5,110077
2024-05-20 18:00:00,191.52,191.53,191.145,191.2,134037
2024-05-20 19:00:00,191.15,191.385,190.81,191.045,240170
2024-05-21 12:00:00,191.37,191.37,191.37,191.37,200
2024-05-21 13:00:00,191.31,192.24,190.93,192.19,62006
2024-05-21 14:00:00,192.195,192.58,191.88,192.26,101324
2024-05-21 15:00:00,192.335,192.61,192.05,192.1,49511
2024-05-21 16:00:00,192.06,192.21,191.81,192.07,54293
2024-05-21 17:00:00,192.11,192.505,192.09,192.48,75332
2024-05-21 18:00:00,192.485,192.62,192.33,192.62,75254
2024-05-21 19:00:00,192.605,192.72,192.28,192.37,141552
2024-05-22 13:00:00,192.3,192.75,191.99,192.46,42029
2024-05-22 14:00:00,192.46,192.82,192.1,192.1,45008
2024-05-22 15:00:00,192.085,192.29,191.665,191.83,76045
2024-05-22 16:00:00,191.84,191.865,191.16,191.375,92213
2024-05-22 17:00:00,191.295,191.47,190.755,190.84,68812
2024-05-22 18:00:00,190.705,190.85,190.28,190.765,37458
2024-05-22 19:00:00,190.86,191.3,190.39,190.925,47263
2024-05-23 13:00:00,190.87,190.97,189.07,189.42,102241
2024-05-23 14:00:00,189.42,189.67,188.53,188.745,123928
2024-05-23 15:00:00,188.73,189.705,188.705,189.685,74421
2024-05-23 16:00:00,189.66,189.66,188.78,188.78,56191
2024-05-23 17:00:00,188.785,188.96,187.56,187.58,82519
2024-05-23 18:00:00,187.59,187.835,187.18,187.275,102559
2024-05-23 19:00:00,187.235,187.83,186.635,186.91,181643
2024-05-23 20:00:00,187.0,187.0,187.0,187.0,100
2024-05-24 13:00:00,188.87,189.16,188.06,188.76,61222
2024-05-24 14:00:00,188.835,189.75,188.695,189.75,68449
2024-05-24 15:00:00,189.75,190.245,189.66,190.18,43149
2024-05-24 16:00:00,190.185,190.56,190.18,190.3,87320
2024-05-24 17:00:00,190.365,190.54,190.075,190.075,45264
2024-05-24 18:00:00,190.075,190.445,190.055,190.215,77276
2024-05-24 19:00:00,190.205,190.28,189.84,190.0,84699
2024-05-28 13:00:00,192.2,192.98,190.34,191.05,180672
2024-05-28 14:00:00,191.12,192.09,191.08,191.595,94578
2024-05-28 15:00:00,191.65,191.93,191.33,191.47,106834
2024-05-28 16:00:00,191.46,191.69,191.08,191.3,86483
2024-05-28 17:00:00,191.305,191.33,190.21,190.32,71716
2024-05-28 18:00:00,190.32,190.48,189.13,189.75,93176
2024-05-28 19:00:00,189.76,190.1,189.33,190.1,203456
2024-05-29 13:00:00,189.65,192.225,189.61,191.8,112235
2024-05-29 14:00:00,191.765,192.24,191.35,192.15,128006
2024-05-29 15:00:00,192.13,192.13,191.12,191.495,80359
2024-05-29 16:00:00,191.435,192.02,191.28,191.9,79063
2024-05-29 17:00:00,191.875,192.01,191.47,191.78,45369
2024-05-29 18:00:00,191.77,191.77,191.16,191.22,63629
2024-05-29 19:00:00,191.21,191.215,189.955,190.37,232834
2024-05-29 20:00:00,190.25,190.25,190.25,190.25,1000
2024-05-30 13:00:00,190.75,192.08,190.65,190.86,92228
2024-05-30 14:00:00,190.865,191.59,190.715,191.25,143328
2024-05-30 15:00:00,191.305,191.83,191.305,191.44,89625
2024-05-30 16:00:00,191.47,191.75,191.13,191.735,71878
2024-05-30 17:00:00,191.74,192.175,191.72,191.95,89927
2024-05-30 18:00:00,191.915,191.985,191.385,191.75,57640
2024-05-30 19:00:00,191.75,191.79,190.875,191.28,162114
2024-05-31 13:00:00,191.345,192.56,191.32,191.7,117741
2024-05-31 14:00:00,191.755,192.405,191.07,191.16,174095
2024-05-31 15:00:00,191.21,191.3,190.095,190.35,140004
2024-05-31 16:00:00,190.25,190.39,189.915,190.04,64130
2024-05-31 17:00:00,189.99,190.79,189.99,190.79,48157
2024-05-31 18:00:00,190.58,190.79,190.37,190.76,47785
2024-05-31 19:00:00,190.705,192.48,190.66,192.31,751139
2024-06-03 13:00:00,192.985,194.51,192.6,194.215,94408
2024-06-03 14:00:00,194.34,194.99,193.94,193.94,125939
2024-06-03 15:00:00,193.94,194.38,193.615,193.895,32566
2024-06-03 16:00:00,194.065,194.08,192.95,193.26,21314
2024-06-03 17:00:00,193.17,194.03,192.89,193.6,18661
2024-06-03 18:00:00,193.58,193.58,192.915,193.05,27211
2024-06-03 19:00:00,193.045,193.99,192.96,193.99,67189
2024-06-04 13:00:00,194.845,195.0,193.145,193.2,79652
2024-06-04 14:00:00,193.24,194.37,193.14,194.17,95284
2024-06-04 15:00:00,194.215,194.28,193.73,193.845,50078
2024-06-04 16:00:00,193.855,194.815,193.855,194.5,80120
2024-06-04 17:00:00,194.525,194.84,194.38,194.52,37447
2024-06-04 18:00:00,194.58,195.295,194.555,194.67,73987
2024-06-04 19:00:00,194.65,194.87,193.93,194.31,98821
2024-06-05 13:00:00,195.39,196.4,194.905,195.68,128811
2024-06-05 14:00:00,195.68,195.795,195.01,195.265,102997
2024-06-05 15:00:00,195.295,196.885,195.23,196.005,146206
2024-06-05 16:00:00,196.015,196.285,195.845,196.035,75994
2024-06-05 17:00:00,196.04,196.68,195.65,196.67,94066
2024-06-05 18:00:00,196.665,196.675,195.865,195.875,57750
2024-06-05 19:00:00,195.78,196.445,195.63,195.87,250181
2024-06-05 20:00:00,195.52,195.52,195.52,195.52,100
2024-06-06 13:00:00,195.53,196.37,195.235,196.13,73059
2024-06-06 14:00:00,196.15,196.49,195.455,195.745,110917
2024-06-06 15:00:00,195.75,195.875,195.41,195.525,59763
2024-06-06 16:00:00,195.45,195.97,195.445,195.97,71933
2024-06-06 17:00:00,195.965,196.065,195.46,195.47,59995
2024-06-06 18:00:00,195.475,195.55,194.965,195.235,72385
2024-06-06 19:00:00,195.235,195.5,194.175,194.435,120518
2024-06-07 13:00:00,194.77,195.74,194.16,194.69,132724
2024-06-07 14:00:00,194.62,195.955,194.595,195.63,106298
2024-06-07 15:00:00,195.575,195.935,194.96,195.87,87474
2024-06-07 16:00:00,195.86,196.405,195.635,196.325,108198
2024-06-07 17:00:00,196.305,196.57,195.97,196.52,90812
2024-06-07 18:00:00,196.505,196.515,195.61,195.855,119045
2024-06-07 19:00:00,195.85,196.93,195.78,196.88,256289
2024-06-10 13:00:00,196.905,197.23,195.145,195.44,103737
2024-06-10 14:00:00,195.41,195.73,194.885,195.405,188625
2024-06-10 15:00:00,195.39,195.675,195.07,195.26,171289
2024-06-10 16:00:00,195.18,196.145,195.1,195.635,121532
2024-06-10 17:00:00,195.63,196.385,193.455,194.99,392205
2024-06-10 18:00:00,194.905,196.39,192.24,193.205,365231
2024-06-10 19:00:00,193.11,194.16,192.31,193.15,403548
2024-06-11 13:00:00,193.66,199.14,193.65,199.14,329157
2024-06-11 14:00:00,199.13,203.54,198.9,203.23,816211
2024-06-11 15:00:00,203.25,205.4,202.25,204.31,586043
2024-06-11 16:00:00,204.32,205.02,203.46,205.01,171127
2024-06-11 17:00:00,205.03,205.99,204.495,204.97,169853
2024-06-11 18:00:00,204.91,205.9,204.48,205.59,144909
2024-06-11 19:00:00,205.6,207.15,204.705,207.15,496062
2024-06-12 13:00:00,207.385,214.97,206.93,214.23,742434
2024-06-12 14:00:00,214.41,216.62,214.23,216.62,669959
2024-06-12 15:00:00,216.61,218.105,216.18,216.475,454464
2024-06-12 16:00:00,216.51,217.485,214.89,215.83,227220
2024-06-12 17:00:00,215.715,217.635,215.53,217.49,222992
2024-06-12 18:00:00,217.5,220.11,216.58,219.79,432941
2024-06-12 19:00:00,219.76,220.19,212.915,213.17,578329
2024-06-13 13:00:00,214.72,216.64,213.975,214.88,315481
2024-06-13 14:00:00,214.75,214.97,212.83,212.93,201746
2024-06-13 15:00:00,212.88,214.045,212.18,213.74,156605
2024-06-13 16:00:00,213.71,213.71,211.615,212.31,197009
2024-06-13 17:00:00,212.265,213.75,212.265,212.68,111774
2024-06-13 18:00:00,212.69,214.125,212.59,214.06,378851
2024-06-13 19:00:00,213.89,214.875,213.32,214.22,340782
2024-06-14 13:00:00,213.765,215.08,213.32,213.755,96598
2024-06-14 14:00:00,213.74,214.615,212.65,213.12,160816
2024-06-14 15:00:00,213.13,213.83,212.47,212.595,163064
2024-06-14 16:00:00,212.46,212.5,211.34,212.145,198858
2024-06-14 17:00:00,212.18,212.445,211.395,212.4,119311
2024-06-14 18:00:00,212.385,212.385,211.715,212.22,119394
2024-06-14 19:00:00,212.175,212.59,211.43,212.57,189799
2024-06-17 13:00:00,213.275,214.78,212.81,213.55,238418
2024-06-17 14:00:00,213.635,217.01,213.635,216.885,332067
2024-06-17 15:00:00,216.93,217.285,215.845,216.33,208864
2024-06-17 16:00:00,216.4,217.26,216.18,217.06,132084
2024-06-17 17:00:00,217.045,218.72,216.835,217.94,191158
2024-06-17 18:00:00,217.93,218.93,217.91,218.705,258243
2024-06-17 19:00:00,218.7,218.7,215.52,216.67,495460
2024-06-18 12:00:00,217.8,217.8,217.8,217.8,150
2024-06-18 13:00:00,217.63,218.61,214.56,214.71,366895
2024-06-18 14:00:00,214.85,215.94,214.485,215.45,218550
2024-06-18 15:00:00,215.495,215.78,213.42,213.575,215760
2024-06-18 16:00:00,213.58,214.15,213.0,214.14,69310
2024-06-18 17:00:00,214.19,214.19,213.46,213.585,102537
2024-06-18 18:00:00,213.575,214.02,213.095,213.87,54505
2024-06-18 19:00:00,213.915,215.1,213.915,214.38,212630
2024-06-20 13:00:00,213.995,214.22,212.3,212.745,168149
2024-06-20 14:00:00,212.82,213.125,210.1,211.18,209780
2024-06-20 15:00:00,211.225,211.3,209.45,210.86,142827
2024-06-20 16:00:00,210.895,211.0,209.34,209.865,69365
2024-06-20 17:00:00,209.84,210.335,209.14,209.85,56980
2024-06-20 18:00:00,209.84,210.565,209.435,210.03,66900
2024-06-20 19:00:00,209.82,209.97,208.87,209.55,172123
2024-06-21 13:00:00,210.39,211.85,209.97,210.43,100850
2024-06-21 14:00:00,210.43,211.475,209.62,211.09,98826
2024-06-21 15:00:00,211.075,211.615,210.66,211.245,99640
2024-06-21 16:00:00,211.28,211.495,209.88,210.225,183636
2024-06-21 17:00:00,210.22,210.63,209.915,210.295,182505
2024-06-21 18:00:00,210.3,210.965,209.995,210.115,113363
2024-06-21 19:00:00,210.19,210.97,207.215,207.215,704947
2024-06-24 13:00:00,207.9,208.745,206.65,208.71,157705
2024-06-24 14:00:00,208.71,210.78,208.525,210.505,96143
2024-06-24 15:00:00,210.685,212.65,210.63,211.84,121236
2024-06-24 16:00:00,211.695,211.74,209.56,209.765,48055
2024-06-24 17:00:00,209.765,210.14,209.27,209.275,47905
2024-06-24 18:00:00,209.27,209.485,208.53,208.87,58198
2024-06-24 19:00:00,208.97,209.08,207.865,208.29,160846
2024-06-25 13:00:00,209.125,211.335,208.635,210.095,95475
2024-06-25 14:00:00,210.08,210.71,209.22,209.285,71441
2024-06-25 15:00:00,209.3,210.48,209.3,210.32,57252
2024-06-25 16:00:00,210.295,210.455,209.57,209.685,34312
2024-06-25 17:00:00,209.69,210.385,209.38,210.24,47904
2024-06-25 18:00:00,210.26,210.655,209.94,210.48,46634
2024-06-25 19:00:00,210.36,210.36,208.84,209.17,113452
2024-06-26 13:00:00,211.48,212.24,210.69,211.4,78978
2024-06-26 14:00:00,211.53,213.39,211.39,213.195,364057
2024-06-26 15:00:00,213.195,214.41,213.05,214.26,107573
2024-06-26 16:00:00,214.25,214.75,213.325,213.825,93524
2024-06-26 17:00:00,213.79,214.02,213.23,214.02,51265
2024-06-26 18:00:00,213.99,214.825,213.95,214.21,74933
2024-06-26 19:00:00,214.14,214.14,212.74,213.17,124194
2024-06-27 13:00:00,214.74,215.7,213.74,214.49,171214
2024-06-27 14:00:00,214.405,214.815,212.395,213.275,166513
2024-06-27 15:00:00,213.275,213.665,212.59,213.2,123679
2024-06-27 16:00:00,213.11,214.17,213.09,213.725,64920
2024-06-27 17:00:00,213.67,214.06,213.61,213.72,47392
2024-06-27 18:00:00,213.635,213.77,213.08,213.735,60180
2024-06-27 19:00:00,213.71,214.11,213.14,214.11,124750
2024-06-28 13:00:00,215.83,216.045,213.59,214.335,139464
2024-06-28 14:00:00,214.38,215.51,213.93,214.345,266950
2024-06-28 15:00:00,214.375,214.7,213.78,214.17,165332
2024-06-28 16:00:00,214.195,214.335,213.3,213.93,117232
2024-06-28 17:00:00,213.915,214.5,213.64,213.92,129072
2024-06-28 18:00:00,213.84,214.08,213.1,213.15,175613
2024-06-28 19:00:00,213.12,213.59,210.31,210.61,411738
2024-07-01 13:00:00,212.16,213.99,211.95,213.14,137939
2024-07-01 14:00:00,213.18,215.57,212.845,215.355,157180
2024-07-01 15:00:00,215.36,215.71,214.37,215.685,94484
2024-07-01 16:00:00,215.675,217.49,215.33,216.99,120387
2024-07-01 17:00:00,216.99,217.505,216.35,216.7,88962
2024-07-01 18:00:00,216.72,216.875,215.43,215.71,82147
2024-07-01 19:00:00,215.725,217.0,215.18,216.7,167666
2024-07-02 13:00:00,215.8,218.0,215.14,217.94,106048
2024-07-02 14:00:00,218.01,219.85,217.745,219.535,187973
2024-07-02 15:00:00,219.55,220.32,219.13,219.29,97526
2024-07-02 16:00:00,219.27,219.365,218.81,219.15,47801
2024-07-02 17:00:00,219.18,219.86,218.84,219.59,26671
2024-07-02 18:00:00,219.54,220.32,219.52,219.775,62432
2024-07-02 19:00:00,219.75,220.35,219.505,220.35,81155
2024-07-03 13:00:00,219.93,221.32,219.64,221.085,129769
2024-07-03 14:00:00,221.2,221.39,219.045,220.52,220554
2024-07-03 15:00:00,220.57,220.72,219.85,220.31,83426
2024-07-03 16:00:00,220.35,221.53,220.35,221.53,133744
2024-07-05 13:00:00,221.705,224.5,221.68,224.11,125588
2024-07-05 14:00:00,224.195,225.43,223.87,224.265,134690
2024-07-05 15:00:00,224.29,225.385,224.17,225.29,102236
2024-07-05 16:00:00,225.315,225.4,224.75,225.085,94330
2024-07-05 17:00:00,225.055,225.63,224.925,225.095,59762
2024-07-05 18:00:00,225.225,225.53,225.005,225.21,51339
2024-07-05 19:00:00,225.23,226.445,225.22,226.35,193712
2024-07-08 13:00:00,227.125,227.32,223.415,223.66,127730
2024-07-08 14:00:00,223.76,225.77,223.27,225.4,134188
2024-07-08 15:00:00,225.43,227.0,225.41,226.46,51672
2024-07-08 16:00:00,226.44,226.75,225.875,226.705,34629
2024-07-08 17:00:00,226.63,227.04,226.29,226.44,52767
2024-07-08 18:00:00,226.49,227.43,226.44,227.05,85976
2024-07-08 19:00:00,226.98,227.84,226.75,227.81,135100
2024-07-09 13:00:00,228.23,228.25,226.38,228.22,61505
2024-07-09 14:00:00,228.175,229.38,227.31,228.46,107803
2024-07-09 15:00:00,228.4,228.43,227.5,228.22,46943
2024-07-09 16:00:00,228.165,228.535,227.72,228.52,69306
2024-07-09 17:00:00,228.525,228.695,227.865,228.095,58390
2024-07-09 18:00:00,228.09,228.52,227.885,228.245,54457
2024-07-09 19:00:00,228.295,228.78,228.165,228.69,114165
2024-07-10 13:00:00,229.38,231.37,229.31,231.31,133679
2024-07-10 14:00:00,231.305,231.7,230.2,230.235,220431
2024-07-10 15:00:00,230.34,231.39,230.125,231.25,104698
2024-07-10 16:00:00,231.28,232.71,230.94,231.285,264730
2024-07-10 17:00:00,231.295,232.15,230.74,231.985,93478
2024-07-10 18:00:00,231.965,232.155,231.63,232.145,98950
2024-07-10 19:00:00,232.145,233.06,231.66,232.93,196243
2024-07-11 13:00:00,231.89,232.3,230.225,231.79,149533
2024-07-11 14:00:00,231.835,232.12,226.7,226.7,197966
2024-07-11 15:00:00,226.665,227.7,225.78,226.94,146585
2024-07-11 16:00:00,226.99,228.68,226.7,227.76,102163
2024-07-11 17:00:00,227.77,228.18,226.6,226.82,35552
2024-07-11 18:00:00,226.86,228.015,226.75,227.87,55042
2024-07-11 19:00:00,227.89,228.695,227.65,227.66,124425
2024-07-12 13:00:00,229.07,231.37,228.685,231.35,103912
2024-07-12 14:00:00,231.39,232.11,230.36,231.82,142687
2024-07-12 15:00:00,231.83,232.35,230.92,230.92,145318
2024-07-12 16:00:00,230.86,231.46,230.58,231.46,81988
2024-07-12 17:00:00,231.45,232.61,231.34,232.315,77347
2024-07-12 18:00:00,232.27,232.43,231.885,232.26,58981
2024-07-12 19:00:00,232.21,232.22,229.92,230.27,143140
2024-07-15 13:00:00,236.63,237.16,233.4,234.52,173922
2024-07-15 14:00:00,234.53,235.595,234.17,235.475,120236
2024-07-15 15:00:00,235.56,236.295,234.67,235.04,48091
2024-07-15 16:00:00,235.08,235.87,234.5,235.465,64312
2024-07-15 17:00:00,235.46,235.46,234.15,234.58,48755
2024-07-15 18:00:00,234.43,234.835,233.905,234.835,34566
2024-07-15 19:00:00,234.71,235.045,233.115,234.43,90941
2024-07-16 13:00:00,235.205,236.25,234.0,234.355,86912
2024-07-16 14:00:00,234.37,234.74,233.12,234.06,115611
2024-07-16 15:00:00,234.06,234.91,233.8,233.86,42816
2024-07-16 16:00:00,233.96,234.24,232.38,233.565,54369
2024-07-16 17:00:00,233.55,234.19,233.325,234.1,72876
2024-07-16 18:00:00,234.005,234.86,233.71,234.775,49369
2024-07-16 19:00:00,234.82,234.96,234.31,234.83,65405
2024-07-17 13:00:00,229.46,231.35,227.905,229.04,180544
2024-07-17 14:00:00,229.0,229.0,226.685,227.79,131528
2024-07-17 15:00:00,227.74,229.0,227.74,228.745,79360
2024-07-17 16:00:00,228.7,228.89,228.295,228.7,78560
2024-07-17 17:00:00,228.72,228.895,228.18,228.555,88514
2024-07-17 18:00:00,228.67,229.78,228.53,229.295,86049
2024-07-17 19:00:00,229.225,229.805,228.58,228.96,200288
2024-07-17 20:00:00,228.85,228.85,228.85,228.85,100
2024-07-18 12:00:00,230.9,230.9,230.9,230.9,188
2024-07-18 13:00:00,230.29,230.29,226.64,226.87,56143
2024-07-18 14:00:00,227.12,228.67,225.17,226.59,150087
2024-07-18 15:00:00,226.58,226.58,222.45,223.46,161304
2024-07-18 16:00:00,223.48,224.17,222.52,223.97,92528
2024-07-18 17:00:00,224.18,225.13,223.52,224.675,51481
2024-07-18 18:00:00,224.73,225.0,224.165,224.765,49458
2024-07-18 19:00:00,224.825,225.14,223.51,224.21,132766
2024-07-19 13:00:00,225.34,226.59,224.435,225.77,74365
2024-07-19 14:00:00,225.78,226.77,224.685,224.84,62210
2024-07-19 15:00:00,224.855,225.07,223.64,224.89,35249
2024-07-19 16:00:00,224.925,224.925,223.31,224.07,37020
2024-07-19 17:00:00,223.93,224.71,223.505,224.61,30011
2024-07-19 18:00:00,224.495,224.88,223.89,224.42,72642
2024-07-19 19:00:00,224.45,225.105,224.03,224.44,120492
2024-07-22 13:00:00,227.335,227.68,225.655,226.735,56772
2024-07-22 14:00:00,226.78,227.77,225.78,225.99,123749
2024-07-22 15:00:00,225.96,226.14,223.275,223.99,118379
2024-07-22 16:00:00,224.02,224.32,223.18,224.31,46786
2024-07-22 17:00:00,224.31,225.2,224.02,225.2,38286
2024-07-22 18:00:00,225.0,225.54,225.0,225.19,27526
2024-07-22 19:00:00,225.0,225.2,223.785,224.16,59544
2024-07-23 13:00:00,224.365,224.535,222.68,224.155,55544
2024-07-23 14:00:00,224.21,225.13,224.005,224.66,63949
2024-07-23 15:00:00,224.67,226.925,224.6,226.65,120350
2024-07-23 16:00:00,226.58,226.645,225.17,225.26,51752
2024-07-23 17:00:00,225.2,225.36,224.56,224.955,46949
2024-07-23 18:00:00,225.015,225.015,224.35,224.695,35433
2024-07-23 19:00:00,224.78,225.275,224.35,224.92,87664
2024-07-24 13:00:00,224.115,224.765,220.755,221.29,87052
2024-07-24 14:00:00,221.15,221.305,218.8,218.85,162553
2024-07-24 15:00:00,218.86,219.2,218.025,218.035,181651
2024-07-24 16:00:00,218.015,218.55,217.165,217.83,139896
2024-07-24 17:00:00,217.85,218.49,217.795,218.19,126069
2024-07-24 18:00:00,218.2,218.85,217.82,218.18,127628
2024-07-24 19:00:00,218.22,218.765,217.76,218.585,180353
2024-07-25 13:00:00,218.88,219.69,215.1,215.575,85671
2024-07-25 14:00:00,215.4,218.495,214.64,218.495,202148
2024-07-25 15:00:00,218.565,219.39,217.775,219.29,46784
2024-07-25 16:00:00,219.36,220.81,218.84,220.21,63801
2024-07-25 17:00:00,220.125,220.735,219.34,220.42,31562
2024-07-25 18:00:00,220.41,220.41,218.695,218.695,60678
2024-07-25 19:00:00,218.62,220.39,217.4,217.42,150313
2024-07-26 13:00:00,218.94,219.12,216.29,217.68,132495
2024-07-26 14:00:00,217.365,217.9,216.04,217.5,179453
2024-07-26 15:00:00,217.45,218.86,217.41,218.54,49185
2024-07-26 16:00:00,218.45,219.48,218.45,219.26,67862
2024-07-26 17:00:00,219.27,219.395,217.73,218.015,49807
2024-07-26 18:00:00,217.87,218.475,217.69,217.78,25264
2024-07-26 19:00:00,217.89,218.74,217.14,218.03,155032
2024-07-29 13:00:00,217.375,219.28,215.79,218.95,66167
2024-07-29 14:00:00,218.965,219.085,217.46,217.84,59240
2024-07-29 15:00:00,217.82,218.07,216.61,218.035,43519
2024-07-29 16:00:00,218.15,218.91,218.07,218.8,34973
2024-07-29 17:00:00,218.78,219.17,218.49,218.53,42229
2024-07-29 18:00:00,218.25,218.73,218.07,218.62,23349
2024-07-29 19:00:00,218.635,219.1,218.01,218.185,107449
2024-07-30 13:00:00,219.3,220.27,218.65,219.7,63066
2024-07-30 14:00:00,219.69,220.025,218.05,218.71,79781
2024-07-30 15:00:00,218.795,218.795,216.34,216.545,106796
2024-07-30 16:00:00,216.595,217.205,216.2,216.23,44358
2024-07-30 17:00:00,216.175,217.62,216.12,217.58,46551
2024-07-30 18:00:00,217.585,218.73,217.585,218.065,51723
2024-07-30 19:00:00,218.21,219.89,218.05,218.68,163534
2024-07-31 12:00:00,221.25,221.25,221.25,221.25,300
2024-07-31 13:00:00,221.52,222.63,220.91,222.1,90924
2024-07-31 14:00:00,222.04,223.81,221.96,222.62,107974
2024-07-31 15:00:00,222.61,223.36,222.325,222.565,40079
2024-07-31 16:00:00,222.575,222.735,222.16,222.5,27091
2024-07-31 17:00:00,222.51,223.0,221.41,222.38,74264
2024-07-31 18:00:00,222.19,223.34,222.025,222.7,34903
2024-07-31 19:00:00,222.74,223.01,221.315,222.18,170644
2024-08-01 13:00:00,224.34,224.4,222.61,224.3,119343
2024-08-01 14:00:00,224.23,224.23,220.39,220.985,213677
2024-08-01 15:00:00,220.905,221.16,219.21,219.805,178539
2024-08-01 16:00:00,219.75,220.17,218.47,218.735,169488
2024-08-01 17:00:00,218.7,218.9,217.205,218.64,107992
2024-08-01 18:00:00,218.585,218.78,217.03,217.41,147713
2024-08-01 19:00:00,217.5,219.105,217.17,218.51,368858
2024-08-01 20:00:00,216.65,221.02,216.65,218.19,3238
2024-08-02 12:00:00,216.7,216.7,216.7,216.7,110
2024-08-02 13:00:00,219.06,224.365,217.77,223.24,463849
2024-08-02 14:00:00,223.3,224.36,220.715,222.37,359982
2024-08-02 15:00:00,222.35,223.655,221.44,223.23,279644
2024-08-02 16:00:00,223.135,225.57,222.735,224.235,260436
2024-08-02 17:00:00,224.2,225.25,223.33,224.17,165500
2024-08-02 18:00:00,224.22,224.22,221.96,222.7,151645
2024-08-02 19:00:00,222.72,223.34,219.08,219.81,578003
2024-08-05 12:00:00,202.49,202.49,202.49,202.49,111
2024-08-05 13:00:00,199.16,210.965,196.0,207.805,697849
2024-08-05 14:00:00,207.87,210.95,207.775,209.39,356305
2024-08-05 15:00:00,209.575,213.45,208.805,210.35,261800
2024-08-05 16:00:00,210.51,212.91,209.72,210.36,160665
2024-08-05 17:00:00,210.34,211.84,209.965,210.76,115138
2024-08-05 18:00:00,210.88,210.92,203.945,204.77,439971
2024-08-05 19:00:00,204.835,209.25,204.09,209.23,514389
2024-08-05 20:00:00,209.12,210.42,209.12,210.42,1484
2024-08-06 12:00:00,207.07,207.07,205.77,205.77,835
2024-08-06 13:00:00,205.88,206.45,201.1,203.13,241173
2024-08-06 14:00:00,203.0,207.66,202.465,207.58,309275
2024-08-06 15:00:00,207.57,208.515,206.06,208.48,200659
2024-08-06 16:00:00,208.445,209.98,208.29,209.725,134396
2024-08-06 17:00:00,209.7,209.7,208.38,208.545,115366
2024-08-06 18:00:00,208.465,209.925,207.775,208.805,94689
2024-08-06 19:00:00,208.745,208.83,206.41,207.14,332489
2024-08-07 13:00:00,206.9,212.39,206.45,212.37,77021
2024-08-07 14:00:00,212.5,213.46,210.825,213.135,128047
2024-08-07 15:00:00,213.0,213.625,211.96,212.56,120380
2024-08-07 16:00:00,212.555,212.95,211.215,211.56,63576
2024-08-07 17:00:00,211.68,211.81,210.39,210.95,83511
2024-08-07 18:00:00,210.9,211.24,208.91,208.91,81848
2024-08-07 19:00:00,209.02,210.97,208.54,209.81,169563
2024-08-08 13:00:00,213.09,213.11,208.91,210.6,79768
2024-08-08 14:00:00,210.645,212.91,210.545,212.2,108930
2024-08-08 15:00:00,212.21,212.68,211.095,212.41,111027
2024-08-08 16:00:00,212.35,213.46,212.26,213.12,141848
2024-08-08 17:00:00,213.23,214.2,212.69,213.69,126907
2024-08-08 18:00:00,213.6,213.8,212.655,212.93,93606
2024-08-08 19:00:00,212.895,213.52,211.905,213.35,173421
2024-08-09 13:00:00,212.06,213.42,211.99,212.56,103064
2024-08-09 14:00:00,212.6,215.17,212.36,214.745,133452
2024-08-09 15:00:00,214.82,215.72,214.555,214.64,128641
2024-08-09 16:00:00,214.78,215.42,214.44,215.4,87666
2024-08-09 17:00:00,215.43,216.74,215.26,215.93,100443
2024-08-09 18:00:00,215.89,216.05,214.93,215.6,122883
2024-08-09 19:00:00,215.595,216.59,215.24,216.16,234366
2024-08-12 13:00:00,216.07,217.52,215.63,217.05,72554
2024-08-12 14:00:00,217.0,219.08,216.94,218.595,130638
2024-08-12 15:00:00,218.63,219.5,217.2,218.68,87502
2024-08-12 16:00:00,218.715,218.715,217.2,217.26,46274
2024-08-12 17:00:00,217.11,217.67,216.5,216.865,54208
2024-08-12 18:00:00,216.87,217.37,216.585,217.37,63883
2024-08-12 19:00:00,217.42,217.61,216.63,217.6,108751
2024-08-13 13:00:00,219.185,221.35,219.185,221.115,116204
2024-08-13 14:00:00,221.2,221.69,220.3,220.96,109797
2024-08-13 15:00:00,221.01,221.59,220.93,221.12,59420
2024-08-13 16:00:00,221.1,221.585,220.93,221.585,93467
2024-08-13 17:00:00,221.575,221.87,220.57,220.92,67581
2024-08-13 18:00:00,220.94,221.48,220.72,221.21,22659
2024-08-13 19:00:00,221.31,221.31,220.44,221.21,118910
2024-08-14 13:00:00,220.51,221.98,219.7,220.925,82151
2024-08-14 14:00:00,220.965,221.72,220.48,221.69,93561
2024-08-14 15:00:00,221.705,223.0,221.64,222.96,73729
2024-08-14 16:00:00,222.955,222.955,220.395,221.04,104733
2024-08-14 17:00:00,220.985,221.755,220.985,221.295,74779
2024-08-14 18:00:00,221.195,221.71,220.96,221.525,50579
2024-08-14 19:00:00,221.53,222.35,220.86,221.63,140063
2024-08-15 12:00:00,223.64,223.64,223.64,223.64,100
2024-08-15 13:00:00,224.6,224.85,222.8,224.38,95850
2024-08-15 14:00:00,224.46,225.35,223.98,224.45,162928
2024-08-15 15:00:00,224.3,224.805,223.89,224.65,83488
2024-08-15 16:00:00,224.65,225.015,224.36,224.57,92733
2024-08-15 17:00:00,224.465,224.855,224.255,224.66,67502
2024-08-15 18:00:00,224.69,225.18,224.63,225.18,46238
2024-08-15 19:00:00,225.11,225.32,223.88,224.69,169756
2024-08-16 13:00:00,223.98,224.68,223.67,224.11,60759
2024-08-16 14:00:00,224.2,225.01,223.975,224.17,70888
2024-08-16 15:00:00,224.14,226.0,223.995,225.95,78832
2024-08-16 16:00:00,225.91,226.8,225.79,226.59,57899
2024-08-16 17:00:00,226.59,226.66,226.04,226.19,52650
2024-08-16 18:00:00,226.135,226.18,225.66,226.15,43945
2024-08-16 19:00:00,226.08,226.19,225.56,226.06,93483
2024-08-19 13:00:00,225.57,225.57,224.14,224.39,87818
2024-08-19 14:00:00,224.41,224.505,223.07,224.21,164407
2024-08-19 15:00:00,224.22,224.72,223.82,223.88,61805
2024-08-19 16:00:00,223.825,224.45,223.81,224.37,60529
2024-08-19 17:00:00,224.315,224.43,223.76,224.28,54511
2024-08-19 18:00:00,224.29,224.915,224.29,224.745,63532
2024-08-19 19:00:00,224.78,225.93,224.67,225.82,145264
2024-08-20 13:00:00,225.83,227.165,225.515,227.01,86668
2024-08-20 14:00:00,227.025,227.025,225.75,225.96,113340
2024-08-20 15:00:00,225.965,226.955,225.9,226.93,76941
2024-08-20 16:00:00,226.94,227.1,226.49,226.5,58188
2024-08-20 17:00:00,226.56,226.77,226.15,226.765,36572
2024-08-20 18:00:00,226.665,227.105,226.545,226.55,31293
2024-08-20 19:00:00,226.485,226.88,226.23,226.53,114868
2024-08-21 13:00:00,226.58,227.06,225.95,227.035,49983
2024-08-21 14:00:00,227.075,227.97,225.945,226.36,104148
2024-08-21 15:00:00,226.23,226.98,225.78,226.22,103328
2024-08-21 16:00:00,226.125,226.5,225.72,226.445,67748
2024-08-21 17:00:00,226.4,226.46,225.84,226.21,74780
2024-08-21 18:00:00,226.23,226.57,225.88,226.45,45007
2024-08-21 19:00:00,226.38,226.56,225.24,226.32,131611
2024-08-22 13:00:00,227.59,228.32,226.7,227.825,90535
2024-08-22 14:00:00,228.04,228.28,226.39,226.77,115385
2024-08-22 15:00:00,226.79,227.2,224.925,225.535,111137
2024-08-22 16:00:00,225.5,226.6,225.36,225.54,55191
2024-08-22 17:00:00,225.45,225.81,224.06,224.41,85711
2024-08-22 18:00:00,224.39,224.93,223.91,224.42,80695
2024-08-22 19:00:00,224.5,224.92,224.05,224.7,211131
2024-08-23 13:00:00,225.96,227.39,225.545,227.04,81781
2024-08-23 14:00:00,227.04,228.22,225.56,226.27,183195
2024-08-23 15:00:00,226.165,226.74,225.2,225.83,67596
2024-08-23 16:00:00,225.79,225.79,224.36,225.32,95955
2024-08-23 17:00:00,225.15,226.49,225.15,226.21,37703
2024-08-23 18:00:00,226.21,226.7,226.11,226.48,54055
2024-08-23 19:00:00,226.485,227.16,226.26,226.8,223963
2024-08-26 13:00:00,226.745,227.16,226.07,226.34,63910
2024-08-26 14:00:00,226.36,226.64,223.93,224.84,160112
2024-08-26 15:00:00,224.84,225.39,224.585,224.81,70424
2024-08-26 16:00:00,224.75,226.23,224.65,226.23,37649
2024-08-26 17:00:00,226.2,226.41,225.48,225.6,50140
2024-08-26 18:00:00,225.58,226.34,225.49,226.34,45821
2024-08-26 19:00:00,226.28,227.27,226.135,227.24,108558
2024-08-27 13:00:00,225.995,226.835,224.93,226.79,86500
2024-08-27 14:00:00,226.795,228.32,226.795,228.32,148799
2024-08-27 15:00:00,228.41,228.845,227.98,228.19,85531
2024-08-27 16:00:00,228.17,228.46,227.6,228.085,51669
2024-08-27 17:00:00,228.12,228.64,227.845,228.55,64607
2024-08-27 18:00:00,228.535,228.56,228.27,228.44,31782
2024-08-27 19:00:00,228.415,228.42,227.75,228.13,110884
2024-08-28 12:00:00,228.27,228.27,228.21,228.21,250
2024-08-28 13:00:00,227.71,229.63,227.71,228.6,80432
2024-08-28 14:00:00,228.625,229.85,227.45,227.52,163052
2024-08-28 15:00:00,227.27,227.68,226.29,226.85,112374
2024-08-28 16:00:00,226.84,227.57,226.66,227.57,86358
2024-08-28 17:00:00,227.51,227.75,225.82,225.91,53552
2024-08-28 18:00:00,225.9,227.22,225.74,227.18,60835
2024-08-28 19:00:00,227.24,227.635,226.26,226.395,108865
2024-08-29 13:00:00,230.1,231.65,228.89,231.5,173094
2024-08-29 14:00:00,231.845,232.72,230.32,232.39,205839
2024-08-29 15:00:00,232.39,232.92,231.5,231.67,162098
2024-08-29 16:00:00,231.665,232.67,231.63,232.56,106485
2024-08-29 17:00:00,232.36,232.555,231.38,231.75,77394
2024-08-29 18:00:00,231.62,231.68,229.85,230.42,93232
2024-08-29 19:00:00,230.365,230.74,229.35,229.83,144386
2024-08-30 13:00:00,230.23,230.38,228.82,229.085,87255
2024-08-30 14:00:00,229.15,230.0,228.6,228.745,106720
2024-08-30 15:00:00,228.51,228.98,227.545,228.59,116453
2024-08-30 16:00:00,228.17,228.81,227.5,228.37,68642
2024-08-30 17:00:00,228.395,228.65,227.7,227.7,38611
2024-08-30 18:00:00,227.78,228.69,227.69,228.55,106292
2024-08-30 19:00:00,228.55,229.84,228.25,228.88,207740
2024-09-03 13:00:00,228.59,229.0,225.36,226.17,114428
2024-09-03 14:00:00,226.15,226.465,223.54,223.61,139255
2024-09-03 15:00:00,223.665,224.65,223.28,223.515,94296
2024-09-03 16:00:00,223.63,224.29,223.44,223.67,62139
2024-09-03 17:00:00,223.74,224.09,223.19,223.2,50336
2024-09-03 18:00:00,223.3,223.3,221.85,221.94,119333
2024-09-03 19:00:00,221.95,222.72,221.24,222.72,312906
2024-09-03 20:00:00,221.82,221.82,221.82,221.82,100
2024-09-04 13:00:00,221.72,221.75,219.05,219.495,261967
2024-09-04 14:00:00,219.53,219.55,217.49,219.45,398321
2024-09-04 15:00:00,219.46,220.245,218.04,219.25,112399
2024-09-04 16:00:00,219.345,220.215,219.14,220.215,110893
2024-09-04 17:00:00,220.155,220.89,219.82,220.87,87863
2024-09-04 18:00:00,220.87,221.13,220.43,220.53,60134
2024-09-04 19:00:00,220.49,221.41,220.17,220.73,244239
2024-09-05 13:00:00,221.64,224.92,221.64,224.72,87068
2024-09-05 14:00:00,224.88,225.47,223.67,223.73,113566
2024-09-05 15:00:00,223.73,223.855,221.91,222.02,128863
2024-09-05 16:00:00,221.98,223.12,221.97,222.89,72036
2024-09-05 17:00:00,222.82,223.72,222.38,223.57,68429
2024-09-05 18:00:00,223.7,223.845,223.21,223.33,63784
2024-09-05 19:00:00,223.3,223.37,221.825,222.29,132117
2024-09-06 13:00:00,223.94,225.23,222.84,224.045,198769
2024-09-06 14:00:00,224.01,224.74,220.94,221.4,239775
2024-09-06 15:00:00,221.41,222.54,220.84,220.96,147011
2024-09-06 16:00:00,220.96,221.33,220.47,220.75,94155
2024-09-06 17:00:00,220.67,221.61,220.11,220.21,89664
2024-09-06 18:00:00,220.29,220.63,219.83,220.49,61206
2024-09-06 19:00:00,220.53,221.46,220.165,220.95,218949
2024-09-09 13:00:00,221.03,221.24,217.845,219.25,233986
2024-09-09 14:00:00,219.34,220.175,217.19,217.26,224978
2024-09-09 15:00:00,217.195,219.89,217.09,219.89,136135
2024-09-09 16:00:00,219.87,220.595,219.685,220.14,99448
2024-09-09 17:00:00,220.185,220.925,218.495,219.155,197286
2024-09-09 18:00:00,219.045,219.045,216.72,217.88,357030
2024-09-09 19:00:00,217.85,221.02,217.81,220.95,357158
2024-09-10 13:00:00,218.86,220.0,216.78,217.5,210050
2024-09-10 14:00:00,217.46,219.96,217.46,219.16,229561
2024-09-10 15:00:00,219.12,220.38,218.27,218.36,104136
2024-09-10 16:00:00,218.31,219.925,218.045,219.565,80807
2024-09-10 17:00:00,219.55,220.92,219.54,220.8,100662
2024-09-10 18:00:00,220.86,221.455,220.25,220.41,92435
2024-09-10 19:00:00,220.33,221.075,219.7,220.1,139436
2024-09-11 13:00:00,221.29,223.07,220.3,220.57,88836
2024-09-11 14:00:00,220.495,221.01,217.91,218.575,182736
2024-09-11 15:00:00,218.45,220.32,218.08,219.73,102961
2024-09-11 16:00:00,219.68,221.31,219.68,221.08,63470
2024-09-11 17:00:00,221.18,221.82,220.86,221.09,79688
2024-09-11 18:00:00,221.03,221.76,220.89,221.41,66123
2024-09-11 19:00:00,221.42,222.98,221.12,222.56,259559
2024-09-12 13:00:00,222.39,222.51,219.84,221.0,95055
2024-09-12 14:00:00,221.145,222.36,220.96,221.925,136608
2024-09-12 15:00:00,221.74,223.03,221.74,221.97,97083
2024-09-12 16:00:00,221.98,222.49,221.65,222.49,52244
2024-09-12 17:00:00,222.54,223.23,222.46,223.08,70718
2024-09-12 18:00:00,223.11,223.535,222.21,223.19,73208
2024-09-12 19:00:00,223.13,223.445,222.51,222.85,151878
2024-09-13 13:00:00,223.79,223.83,222.3,222.5,138688
2024-09-13 14:00:00,222.53,223.49,222.0,223.09,111880
2024-09-13 15:00:00,223.165,223.805,223.155,223.78,63027
2024-09-13 16:00:00,223.78,223.99,223.07,223.865,51987
2024-09-13 17:00:00,223.95,224.0,223.38,223.685,49756
2024-09-13 18:00:00,223.72,223.99,222.43,222.485,58055
2024-09-13 19:00:00,222.415,222.81,222.32,222.42,163362
2024-09-16 13:00:00,216.6,216.8,213.94,215.245,458719
2024-09-16 14:00:00,215.17,217.2,215.03,215.25,263677
2024-09-16 15:00:00,215.23,216.575,214.85,215.98,197170
2024-09-16 16:00:00,215.97,216.04,214.93,215.56,145494
2024-09-16 17:00:00,215.585,216.39,215.55,216.22,80646
2024-09-16 18:00:00,216.17,216.51,216.01,216.44,117424
2024-09-16 19:00:00,216.38,216.695,215.94,216.46,176727
2024-09-17 13:00:00,215.75,216.545,214.5,216.19,239881
2024-09-17 14:00:00,216.27,216.895,215.56,216.07,153052
2024-09-17 15:00:00,216.125,216.84,216.0,216.61,117165
2024-09-17 16:00:00,216.6,216.62,215.23,215.79,117772
2024-09-17 17:00:00,215.95,216.38,215.07,216.14,68792
2024-09-17 18:00:00,216.09,216.38,215.32,215.84,67832
2024-09-17 19:00:00,215.84,216.85,215.75,216.85,184845
2024-09-18 13:00:00,217.29,219.54,217.29,219.205,149308
2024-09-18 14:00:00,219.17,221.595,219.05,220.905,204740
2024-09-18 15:00:00,220.935,221.34,219.54,219.55,141264
2024-09-18 16:00:00,219.61,221.35,219.55,221.335,80620
2024-09-18 17:00:00,221.31,221.505,220.41,220.72,73671
2024-09-18 18:00:00,221.68,222.63,219.85,220.22,228700
2024-09-18 19:00:00,220.04,221.8,218.96,220.83,325940
2024-09-19 13:00:00,225.095,227.41,224.65,227.3,276658
2024-09-19 14:00:00,227.3,229.795,227.245,227.94,543716
2024-09-19 15:00:00,227.96,228.83,227.66,228.29,236350
2024-09-19 16:00:00,228.305,229.32,228.305,229.185,266985
2024-09-19 17:00:00,229.17,229.455,228.715,229.37,314584
2024-09-19 18:00:00,229.38,229.42,228.4,229.295,404712
2024-09-19 19:00:00,229.31,229.59,228.32,228.905,574881
2024-09-20 13:00:00,229.98,231.1,229.225,230.015,285776
2024-09-20 14:00:00,230.0,230.57,229.39,230.28,284338
2024-09-20 15:00:00,230.37,230.94,229.23,230.8,233239
2024-09-20 16:00:00,230.79,231.93,230.78,231.805,183840
2024-09-20 17:00:00,231.845,231.9,230.61,230.66,369037
2024-09-20 18:00:00,230.66,231.605,229.5,231.5,669084
2024-09-20 19:00:00,231.5,233.075,227.68,228.535,1592413
2024-09-23 13:00:00,227.18,227.79,225.85,226.9,259035
2024-09-23 14:00:00,226.985,229.44,226.3,228.72,208544
2024-09-23 15:00:00,228.7,228.88,228.13,228.34,81130
2024-09-23 16:00:00,228.2,228.21,226.72,226.78,109851
2024-09-23 17:00:00,226.67,227.14,226.53,227.09,122316
2024-09-23 18:00:00,227.1,227.18,226.5,226.69,61690
2024-09-23 19:00:00,226.68,226.69,225.85,226.49,169675
2024-09-24 13:00:00,228.645,229.34,227.18,227.39,135122
2024-09-24 14:00:00,227.42,227.43,225.75,227.24,160935
2024-09-24 15:00:00,227.205,227.6,226.72,227.45,99964
2024-09-24 16:00:00,227.48,227.73,226.98,226.99,40462
2024-09-24 17:00:00,226.92,227.485,226.82,227.31,68906
2024-09-24 18:00:00,227.31,227.37,226.55,226.875,62460
2024-09-24 19:00:00,226.88,227.5,226.41,227.46,147460
2024-09-25 13:00:00,224.99,226.97,224.63,226.9,152233
2024-09-25 14:00:00,227.0,227.26,226.14,226.39,112664
2024-09-25 15:00:00,226.34,226.63,225.305,225.54,139859
2024-09-25 16:00:00,225.53,226.01,225.405,225.79,65602
2024-09-25 17:00:00,225.755,225.88,224.85,224.955,132256
2024-09-25 18:00:00,224.965,225.085,224.02,224.945,135400
2024-09-25 19:00:00,224.955,226.36,224.95,226.36,179380
2024-09-26 13:00:00,227.57,227.57,225.515,226.51,133688
2024-09-26 14:00:00,226.51,228.45,226.115,227.19,183791
2024-09-26 15:00:00,227.15,227.93,226.69,227.69,102723
2024-09-26 16:00:00,227.69,227.69,227.035,227.28,56778
2024-09-26 17:00:00,227.2,227.49,226.67,227.06,71005
2024-09-26 18:00:00,227.155,227.85,226.97,227.775,63452
2024-09-26 19:00:00,227.76,227.79,227.03,227.665,265038
2024-09-27 13:00:00,228.57,229.47,228.0,228.8,88565
2024-09-27 14:00:00,228.86,229.495,228.52,228.65,135270
2024-09-27 15:00:00,228.615,228.68,227.3,227.54,113083
2024-09-27 16:00:00,227.565,228.34,227.48,228.3,70669
2024-09-27 17:00:00,228.34,228.6,227.855,228.36,69539
2024-09-27 18:00:00,228.36,228.515,227.56,228.115,85460
2024-09-27 19:00:00,228.12,228.12,227.55,227.73,155928
2024-09-30 13:00:00,230.04,232.35,229.68,230.925,140828
2024-09-30 14:00:00,231.02,231.72,230.34,231.59,145839
2024-09-30 15:00:00,231.6,232.4,231.38,232.32,112315
2024-09-30 16:00:00,232.27,232.53,231.74,231.78,84106
2024-09-30 17:00:00,231.8,231.97,231.31,231.91,47319
2024-09-30 18:00:00,231.82,231.9,230.61,231.74,70236
2024-09-30 19:00:00,231.735,233.0,231.05,232.85,328744
2024-10-01 13:00:00,229.14,229.58,225.645,226.09,315034
2024-10-01 14:00:00,226.1,226.24,224.56,225.28,263172
2024-10-01 15:00:00,225.28,225.92,224.52,225.22,214485
2024-10-01 16:00:00,225.19,225.82,224.3,224.78,190637
2024-10-01 17:00:00,224.745,225.15,223.75,225.13,150042
2024-10-01 18:00:00,225.17,225.71,225.09,225.62,118876
2024-10-01 19:00:00,225.61,226.33,225.54,226.205,239047
2024-10-02 13:00:00,226.095,226.095,223.22,223.44,137068
2024-10-02 14:00:00,223.36,226.385,223.03,226.01,203705
2024-10-02 15:00:00,226.09,227.04,225.945,226.81,144005
2024-10-02 16:00:00,226.87,227.02,226.64,226.64,106317
2024-10-02 17:00:00,226.695,227.14,226.38,227.14,52387
2024-10-02 18:00:00,227.12,227.17,226.46,226.88,47039
2024-10-02 19:00:00,226.875,227.35,226.69,226.77,121281
2024-10-03 13:00:00,225.14,226.67,224.92,226.4,92610
2024-10-03 14:00:00,226.49,226.805,224.37,224.42,185185
2024-10-03 15:00:00,224.33,225.25,224.32,225.13,103720
2024-10-03 16:00:00,225.18,225.36,223.64,223.83,129197
2024-10-03 17:00:00,223.74,224.295,223.33,224.25,67526
2024-10-03 18:00:00,224.295,224.385,223.615,223.625,57360
2024-10-03 19:00:00,223.57,225.83,223.51,225.6,154960
2024-10-04 13:00:00,227.92,227.96,225.08,225.17,200664
2024-10-04 14:00:00,225.18,225.58,224.17,225.04,240978
2024-10-04 15:00:00,225.15,225.53,224.34,225.53,68942
2024-10-04 16:00:00,225.54,225.57,224.71,225.16,91725
2024-10-04 17:00:00,225.2,225.4,224.55,224.88,57697
2024-10-04 18:00:00,224.83,225.54,224.7,225.54,90621
2024-10-04 19:00:00,225.48,226.97,225.29,226.69,169110
2024-10-07 13:00:00,224.47,225.39,224.1,225.1,123361
2024-10-07 14:00:00,225.01,225.68,224.43,225.3,153340
2024-10-07 15:00:00,225.24,225.27,224.49,224.885,58034
2024-10-07 16:00:00,224.89,224.9,223.93,223.99,76569
2024-10-07 17:00:00,223.97,224.565,223.435,223.82,71416
2024-10-07 18:00:00,223.87,223.965,222.245,222.325,135094
2024-10-07 19:00:00,222.26,222.765,221.33,221.74,200628
2024-10-08 13:00:00,224.26,225.145,223.28,225.05,122804
2024-10-08 14:00:00,225.14,225.89,224.55,225.09,194813
2024-10-08 15:00:00,225.01,225.6,224.67,225.33,94129
2024-10-08 16:00:00,225.26,225.29,224.585,224.7,43384
2024-10-08 17:00:00,224.68,224.99,224.22,224.99,28450
2024-10-08 18:00:00,224.9,225.42,224.8,225.355,63879
2024-10-08 19:00:00,225.36,225.97,225.1,225.79,197896
2024-10-09 13:00:00,225.17,226.45,224.92,226.1,67780
2024-10-09 14:00:00,226.22,227.79,225.82,227.645,106031
2024-10-09 15:00:00,227.65,228.595,227.65,228.42,118479
2024-10-09 16:00:00,228.4,229.02,228.085,228.64,74239
2024-10-09 17:00:00,228.66,229.0,228.06,228.525,57884
2024-10-09 18:00:00,228.48,229.635,228.46,229.3,95524
2024-10-09 19:00:00,229.25,229.745,228.805,229.51,163380
2024-10-10 12:00:00,228.83,228.83,228.06,228.25,800
2024-10-10 13:00:00,227.8,228.79,227.17,228.42,103558
2024-10-10 14:00:00,228.46,228.46,227.67,227.77,91120
2024-10-10 15:00:00,227.86,228.655,227.69,228.655,35485
2024-10-10 16:00:00,228.68,229.24,228.15,228.475,32827
2024-10-10 17:00:00,228.495,228.77,228.06,228.68,36778
2024-10-10 18:00:00,228.55,228.6,228.1,228.44,31209
2024-10-10 19:00:00,228.445,229.49,228.27,229.03,122032
2024-10-11 13:00:00,229.395,229.395,227.37,227.99,80589
2024-10-11 14:00:00,227.965,229.17,227.66,228.14,108349
2024-10-11 15:00:00,228.055,228.39,227.715,228.1,72471
2024-10-11 16:00:00,228.06,228.075,227.425,227.87,38345
2024-10-11 17:00:00,227.87,228.05,227.51,227.82,35342
2024-10-11 18:00:00,227.905,228.63,227.85,228.57,61633
2024-10-11 19:00:00,228.54,228.96,227.5,227.51,147100
2024-10-14 13:00:00,228.89,231.305,228.65,230.555,157005
2024-10-14 14:00:00,230.585,230.87,229.33,229.5,129564
2024-10-14 15:00:00,229.49,230.275,229.17,230.275,76003
2024-10-14 16:00:00,230.335,230.6,230.05,230.34,43804
2024-10-14 17:00:00,230.34,230.545,230.17,230.17,32443
2024-10-14 18:00:00,230.14,231.18,230.08,231.16,47099
2024-10-14 19:00:00,231.1,231.73,231.04,231.3,205298
2024-10-15 13:00:00,233.635,237.12,232.4,236.68,205686
2024-10-15 14:00:00,236.68,237.49,235.15,235.38,268587
2024-10-15 15:00:00,235.37,236.27,234.7,235.38,148207
2024-10-15 16:00:00,235.405,235.81,234.32,234.475,126314
2024-10-15 17:00:00,234.48,234.65,233.73,233.765,89500
2024-10-15 18:00:00,233.81,234.15,233.51,233.8,63731
2024-10-15 19:00:00,233.8,234.065,232.85,233.93,250044
2024-10-16 13:00:00,231.6,232.09,230.04,230.08,138995
2024-10-16 14:00:00,230.2,230.99,229.85,230.36,168676
2024-10-16 15:00:00,230.425,231.145,230.14,230.18,115220
2024-10-16 16:00:00,230.195,231.05,230.065,231.03,79008
2024-10-16 17:00:00,231.06,231.26,230.6,230.8,50436
2024-10-16 18:00:00,230.84,231.42,230.75,231.27,46849
2024-10-16 19:00:00,231.27,231.9,231.21,231.72,117437
2024-10-17 13:00:00,233.46,233.765,230.55,231.64,88445
2024-10-17 14:00:00,231.9,232.52,231.2,231.35,120551
2024-10-17 15:00:00,231.36,232.56,231.24,232.56,52434
2024-10-17 16:00:00,232.59,232.8,232.07,232.11,43781
2024-10-17 17:00:00,232.22,232.575,232.09,232.44,68126
2024-10-17 18:00:00,232.435,232.56,231.27,232.025,49804
2024-10-17 19:00:00,232.11,232.32,231.67,232.17,125123
2024-10-18 12:00:00,236.47,236.92,236.47,236.92,400
2024-10-18 13:00:00,236.37,236.73,234.04,235.41,184887
2024-10-18 14:00:00,235.455,235.86,234.3,234.69,158966
2024-10-18 15:00:00,234.67,235.335,234.66,235.03,71205
2024-10-18 16:00:00,235.01,235.63,234.87,235.48,91413
2024-10-18 17:00:00,235.465,235.855,235.055,235.635,119877
2024-10-18 18:00:00,235.64,235.745,235.36,235.55,59519
2024-10-18 19:00:00,235.55,235.55,234.82,234.95,163029
2024-10-18 20:00:00,235.04,235.04,235.04,235.04,100
2024-10-21 13:00:00,234.31,235.48,234.31,235.185,103645
2024-10-21 14:00:00,235.18,236.06,234.96,235.9,99277
2024-10-21 15:00:00,235.865,236.44,235.17,236.26,79816
2024-10-21 16:00:00,236.24,236.61,235.94,236.495,56012
2024-10-21 17:00:00,236.51,236.745,236.21,236.67,57830
2024-10-21 18:00:00,236.7,236.8,235.945,235.965,39981
2024-10-21 19:00:00,236.01,236.53,235.835,236.48,118579
2024-10-22 13:00:00,233.86,234.14,232.67,233.13,120997
2024-10-22 14:00:00,233.105,234.29,233.01,234.22,116199
2024-10-22 15:00:00,234.235,234.88,233.965,234.525,84261
2024-10-22 16:00:00,234.475,234.94,234.13,234.94,36677
2024-10-22 17:00:00,234.96,235.69,234.795,235.69,48025
2024-10-22 18:00:00,235.605,235.99,235.22,235.36,47254
2024-10-22 19:00:00,235.33,236.18,235.285,235.89,109081
2024-10-23 13:00:00,234.1,235.13,233.89,234.955,63246
2024-10-23 14:00:00,234.9,235.1,234.165,234.27,93789
2024-10-23 15:00:00,234.24,234.52,230.595,231.54,279673
2024-10-23 16:00:00,231.56,231.9,228.96,229.67,352383
2024-10-23 17:00:00,229.54,230.2,228.315,228.375,166583
2024-10-23 18:00:00,228.33,229.64,227.77,229.3,138512
2024-10-23 19:00:00,229.21,230.845,229.19,230.675,189285
2024-10-24 13:00:00,229.97,230.37,228.42,229.74,196909
2024-10-24 14:00:00,229.8,230.375,229.24,229.24,159757
2024-10-24 15:00:00,229.25,230.19,228.89,229.58,95252
2024-10-24 16:00:00,229.6,230.345,228.69,230.33,67321
2024-10-24 17:00:00,230.3,230.815,230.12,230.215,110584
2024-10-24 18:00:00,230.285,230.55,230.06,230.37,58345
2024-10-24 19:00:00,230.445,230.785,230.16,230.6,113081
2024-10-25 13:00:00,229.74,232.065,229.6,231.82,86262
2024-10-25 14:00:00,231.92,232.86,231.73,232.86,102708
2024-10-25 15:00:00,232.85,233.12,231.77,232.03,83452
2024-10-25 16:00:00,232.03,232.935,231.95,232.755,52904
2024-10-25 17:00:00,232.775,232.775,231.15,231.5,69495
2024-10-25 18:00:00,231.52,232.195,231.08,232.13,62964
2024-10-25 19:00:00,232.11,232.15,231.15,231.22,155484
2024-10-28 13:00:00,233.32,234.54,232.565,233.11,100877
2024-10-28 14:00:00,233.18,234.32,232.96,233.91,89288
2024-10-28 15:00:00,233.95,234.14,233.25,233.575,85698
2024-10-28 16:00:00,233.545,234.71,233.16,234.31,73525
2024-10-28 17:00:00,234.305,234.66,234.08,234.38,72442
2024-10-28 18:00:00,234.315,234.385,233.57,233.76,35676
2024-10-28 19:00:00,233.87,234.0,233.16,233.51,120133
2024-10-29 13:00:00,233.2,233.93,232.36,233.63,78209
2024-10-29 14:00:00,233.57,234.03,233.04,233.47,120133
2024-10-29 15:00:00,233.505,233.63,233.05,233.325,56587
2024-10-29 16:00:00,233.345,233.975,233.02,233.975,62398
2024-10-29 17:00:00,233.965,234.205,233.77,233.795,30364
2024-10-29 18:00:00,233.815,234.15,233.775,234.08,48288
2024-10-29 19:00:00,234.095,234.325,233.55,233.73,123362
2024-10-30 13:00:00,232.655,233.22,231.875,232.59,83664
2024-10-30 14:00:00,232.7,232.78,231.145,231.165,165722
2024-10-30 15:00:00,231.155,231.665,230.51,231.36,168098
2024-10-30 16:00:00,231.385,231.54,230.95,230.97,172189
2024-10-30 17:00:00,230.89,231.04,229.89,230.255,131462
2024-10-30 18:00:00,230.255,230.95,230.255,230.5,93803
2024-10-30 19:00:00,230.51,230.93,229.57,230.16,277593
2024-10-31 13:00:00,229.24,229.81,228.205,229.22,223497
2024-10-31 14:00:00,229.19,229.26,227.44,227.74,217213
2024-10-31 15:00:00,227.68,227.74,226.44,227.03,174180
2024-10-31 16:00:00,227.03,227.96,226.9,227.74,126383
2024-10-31 17:00:00,227.735,228.165,226.9,226.9,121331
2024-10-31 18:00:00,226.905,227.22,226.71,227.07,157603
2024-10-31 19:00:00,227.105,227.77,225.46,225.73,452196
2024-10-31 20:00:00,225.94,225.94,225.0,225.0,204
2024-11-01 13:00:00,220.82,223.89,220.33,223.89,323569
2024-11-01 14:00:00,223.85,225.33,221.6,222.45,385131
2024-11-01 15:00:00,222.44,223.24,221.9,222.08,181283
2024-11-01 16:00:00,222.08,222.66,221.785,222.59,126910
2024-11-01 17:00:00,222.64,223.385,222.08,222.205,123721
2024-11-01 18:00:00,222.17,222.675,222.08,222.6,99090
2024-11-01 19:00:00,222.63,223.24,222.29,222.86,269198
2024-11-04 14:00:00,220.27,222.375,219.73,222.07,94794
2024-11-04 15:00:00,222.045,222.54,221.355,221.62,124122
2024-11-04 16:00:00,221.62,222.01,220.81,221.1,111893
2024-11-04 17:00:00,221.1,222.14,220.43,221.78,73587
2024-11-04 18:00:00,221.73,222.6,221.53,222.39,68584
2024-11-04 19:00:00,222.43,222.75,222.21,222.625,66796
2024-11-04 20:00:00,222.625,222.78,221.54,222.07,226193
2024-11-05 14:00:00,221.81,223.945,221.81,223.57,98717
2024-11-05 15:00:00,223.82,223.82,222.065,222.185,137080
2024-11-05 16:00:00,222.195,223.33,221.95,223.25,65351
2024-11-05 17:00:00,223.21,223.78,223.15,223.45,42724
2024-11-05 18:00:00,223.495,223.495,222.41,222.865,52086
2024-11-05 19:00:00,222.885,223.435,222.83,222.98,41794
2024-11-05 20:00:00,222.855,223.51,222.72,223.48,104171
2024-11-06 14:00:00,222.6,225.6,221.23,224.445,365080
2024-11-06 15:00:00,224.47,226.045,223.98,224.21,317042
2024-11-06 16:00:00,224.205,225.185,223.69,224.67,224794
2024-11-06 17:00:00,224.665,224.67,223.975,224.355,254852
2024-11-06 18:00:00,224.35,224.56,223.86,223.915,138840
2024-11-06 19:00:00,223.93,224.065,223.28,223.42,117800
2024-11-06 20:00:00,223.39,224.22,222.55,222.59,357797
2024-11-07 14:00:00,224.67,226.53,224.61,226.33,105583
2024-11-07 15:00:00,226.34,226.34,225.36,226.19,124820
2024-11-07 16:00:00,226.23,227.09,225.82,227.09,74118
2024-11-07 17:00:00,227.02,227.48,226.84,227.19,80433
2024-11-07 18:00:00,227.205,227.26,226.75,227.0,51886
2024-11-07 19:00:00,227.17,227.505,226.87,227.505,77231
2024-11-07 20:00:00,227.505,227.875,226.76,227.405,236619
2024-11-08 14:00:00,227.3,228.63,227.205,227.76,83239
2024-11-08 15:00:00,227.805,228.14,226.51,226.51,134996
2024-11-08 16:00:00,226.455,227.57,226.405,227.265,95135
2024-11-08 17:00:00,227.21,227.44,226.75,227.04,47738
2024-11-08 18:00:00,227.04,227.6,226.82,227.555,35480
2024-11-08 19:00:00,227.465,227.675,227.25,227.46,56210
2024-11-08 20:00:00,227.375,227.71,226.78,227.16,165598
2024-11-11 14:00:00,224.91,225.68,222.8,222.95,286986
2024-11-11 15:00:00,222.945,223.71,222.75,222.755,232938
2024-11-11 16:00:00,222.755,223.335,222.67,222.81,130352
2024-11-11 17:00:00,222.795,222.855,221.705,221.905,136850
2024-11-11 18:00:00,221.845,222.96,221.5,222.9,75499
2024-11-11 19:00:00,222.91,223.175,222.86,223.065,63544
2024-11-11 20:00:00,223.055,224.35,223.015,224.26,217089
2024-11-12 14:00:00,224.575,225.01,223.58,224.26,124369
2024-11-12 15:00:00,224.25,225.02,223.68,224.59,161837
2024-11-12 16:00:00,224.6,225.545,224.55,224.97,152528
2024-11-12 17:00:00,224.995,225.07,223.395,223.425,98210
2024-11-12 18:00:00,223.415,224.6,223.36,224.17,104108
2024-11-12 19:00:00,224.18,224.77,224.18,224.585,89069
2024-11-12 20:00:00,224.525,224.8,223.96,224.26,273203
2024-11-13 14:00:00,223.935,225.11,222.79,223.515,88838
2024-11-13 15:00:00,223.565,224.31,223.18,224.07,155261
2024-11-13 16:00:00,224.05,224.59,223.78,224.56,112893
2024-11-13 17:00:00,224.57,226.59,224.57,226.54,116020
2024-11-13 18:00:00,226.54,226.63,225.82,226.02,101570
2024-11-13 19:00:00,226.025,226.21,225.37,225.44,88885
2024-11-13 20:00:00,225.45,225.93,224.48,225.19,272658
2024-11-14 14:00:00,225.0,226.47,225.0,225.69,101269
2024-11-14 15:00:00,225.67,227.02,225.055,226.53,217366
2024-11-14 16:00:00,226.45,227.09,226.35,226.72,97156
2024-11-14 17:00:00,226.74,228.21,226.53,227.92,133409
2024-11-14 18:00:00,227.92,228.705,227.84,228.04,91854
2024-11-14 19:00:00,228.03,228.84,228.03,228.24,83440
2024-11-14 20:00:00,228.275,228.365,226.99,228.3,241516
2024-11-15 14:00:00,225.92,226.88,224.9,225.08,93686
2024-11-15 15:00:00,225.065,225.3,224.45,224.61,149657
2024-11-15 16:00:00,224.63,225.47,224.47,225.085,91978
2024-11-15 17:00:00,225.07,225.17,224.28,224.76,84433
2024-11-15 18:00:00,224.75,224.93,224.45,224.655,75490
2024-11-15 19:00:00,224.67,224.94,224.34,224.825,49167
2024-11-15 20:00:00,224.815,225.31,224.59,224.95,197491
2024-11-18 14:00:00,225.3,227.165,225.17,226.88,139974
2024-11-18 15:00:00,226.91,228.88,226.74,228.42,141992
2024-11-18 16:00:00,228.44,229.185,228.375,228.545,98462
2024-11-18 17:00:00,228.53,229.56,228.365,229.555,58685
2024-11-18 18:00:00,229.585,229.735,228.69,229.475,54853
2024-11-18 19:00:00,229.41,229.41,228.72,228.85,45987
2024-11-18 20:00:00,228.9,228.9,227.35,228.16,177648
2024-11-19 14:00:00,226.74,228.53,226.73,228.4,72593
2024-11-19 15:00:00,228.43,229.41,228.055,229.12,69211
2024-11-19 16:00:00,229.085,229.67,229.08,229.365,75394
2024-11-19 17:00:00,229.34,230.16,229.21,229.415,51928
2024-11-19 18:00:00,229.365,229.955,229.255,229.935,40908
2024-11-19 19:00:00,229.945,229.985,228.66,228.79,74498
2024-11-19 20:00:00,228.785,228.86,227.74,228.21,246682
2024-11-20 14:00:00,228.05,229.92,227.6,227.63,89528
2024-11-20 15:00:00,227.625,228.01,226.39,226.94,102827
2024-11-20 16:00:00,226.97,227.68,225.9,227.55,84345
2024-11-20 17:00:00,227.46,227.54,226.59,226.76,27355
2024-11-20 18:00:00,226.915,227.13,226.39,226.92,34606
2024-11-20 19:00:00,226.91,227.435,226.63,227.405,42332
2024-11-20 20:00:00,227.4,229.0,227.225,229.0,127292
2024-11-21 14:00:00,228.785,229.925,226.83,226.97,97296
2024-11-21 15:00:00,226.95,228.35,225.72,228.34,241804
2024-11-21 16:00:00,228.42,229.11,228.12,228.89,161003
2024-11-21 17:00:00,228.85,230.13,228.62,229.77,95259
2024-11-21 18:00:00,229.755,230.04,229.215,229.47,83832
2024-11-21 19:00:00,229.49,229.66,229.0,229.385,116261
2024-11-21 20:00:00,229.355,229.58,228.29,228.48,189839
2024-11-22 14:00:00,228.23,230.12,228.175,229.9,131112
2024-11-22 15:00:00,229.6,229.92,229.02,229.5,86030
2024-11-22 16:00:00,229.5,229.68,228.845,229.59,81463
2024-11-22 17:00:00,229.59,230.5,229.525,230.385,109348
2024-11-22 18:00:00,230.4,230.71,229.825,229.91,86441
2024-11-22 19:00:00,229.845,229.975,229.33,229.5,82988
2024-11-22 20:00:00,229.44,230.09,229.025,229.75,249450
2024-11-25 14:00:00,231.49,233.24,231.49,232.57,126402
2024-11-25 15:00:00,232.56,232.77,231.665,231.88,90377
2024-11-25 16:00:00,231.89,232.31,230.92,230.92,79290
2024-11-25 17:00:00,230.835,231.005,229.74,230.11,108048
2024-11-25 18:00:00,230.15,230.595,230.1,230.28,79996
2024-11-25 19:00:00,230.265,230.825,230.265,230.68,52758
2024-11-25 20:00:00,230.655,233.17,229.86,232.89,321638
2024-11-25 21:00:00,232.61,232.66,232.61,232.64,638
2024-11-26 14:00:00,233.43,235.435,233.43,234.88,145247
2024-11-26 15:00:00,234.89,235.55,233.715,235.1,148796
2024-11-26 16:00:00,235.21,235.45,234.615,235.04,81528
2024-11-26 17:00:00,235.04,235.16,234.285,235.0,56705
2024-11-26 18:00:00,235.02,235.075,234.385,235.075,41288
2024-11-26 19:00:00,235.05,235.09,234.57,234.92,54270
2024-11-26 20:00:00,234.91,235.255,234.645,234.98,165476
2024-11-27 14:00:00,234.66,235.585,233.84,234.33,62302
2024-11-27 15:00:00,234.335,235.62,233.99,234.62,131541
2024-11-27 16:00:00,234.71,234.86,234.135,234.38,74430
2024-11-27 17:00:00,234.33,234.68,234.02,234.625,40386
2024-11-27 18:00:00,234.7,235.02,234.685,234.935,30699
2024-11-27 19:00:00,234.92,235.25,234.79,235.055,30625
2024-11-27 20:00:00,235.065,235.18,234.6,234.99,96139
2024-11-29 14:00:00,234.805,235.67,233.97,235.67,86656
2024-11-29 15:00:00,235.66,235.89,235.16,235.83,127428
2024-11-29 16:00:00,235.82,237.12,235.775,237.06,151417
2024-11-29 17:00:00,237.02,237.8,236.36,237.39,183951
2024-12-02 14:00:00,237.33,239.465,237.18,239.27,108842
2024-12-02 15:00:00,239.32,240.76,238.98,240.1,185384
2024-12-02 16:00:00,240.06,240.23,239.38,239.97,111888
2024-12-02 17:00:00,240.04,240.2,239.52,239.54,65838
2024-12-02 18:00:00,239.46,239.71,239.04,239.1,55476
2024-12-02 19:00:00,239.145,239.65,239.07,239.65,41041
2024-12-02 20:00:00,239.64,239.94,239.06,239.635,175948
2024-12-03 14:00:00,239.9,240.91,238.99,240.9,111030
2024-12-03 15:00:00,240.855,241.355,240.36,241.245,188123
2024-12-03 16:00:00,241.12,241.505,240.82,241.41,119204
2024-12-03 17:00:00,241.37,241.695,241.14,241.665,67405
2024-12-03 18:00:00,241.655,241.79,241.32,241.725,77045
2024-12-03 19:00:00,241.715,242.455,241.675,242.39,99430
2024-12-03 20:00:00,242.375,242.76,241.84,242.65,223769
2024-12-04 14:00:00,242.86,243.87,242.52,243.58,87087
2024-12-04 15:00:00,243.49,244.1,243.15,243.465,188134
2024-12-04 16:00:00,243.605,243.81,242.12,242.49,97905
2024-12-04 17:00:00,242.445,242.49,241.26,242.345,93204
2024-12-04 18:00:00,242.35,242.86,241.93,242.5,61076
2024-12-04 19:00:00,242.455,243.175,242.44,242.92,66006
2024-12-04 20:00:00,242.9,243.49,242.83,242.94,166877
2024-12-05 14:00:00,244.06,244.455,242.75,243.52,99389
2024-12-05 15:00:00,243.375,243.55,242.29,242.41,132361
2024-12-05 16:00:00,242.35,242.77,242.27,242.63,60940
2024-12-05 17:00:00,242.655,243.37,242.46,242.92,147547
2024-12-05 18:00:00,242.96,243.31,242.63,243.16,61041
2024-12-05 19:00:00,243.235,243.685,242.985,243.12,62298
2024-12-05 20:00:00,243.09,243.26,242.195,243.07,263370
2024-12-06 14:00:00,242.96,244.15,242.12,243.615,119867
2024-12-06 15:00:00,243.67,244.625,243.19,243.59,118623
2024-12-06 16:00:00,243.6,244.08,243.53,243.65,85629
2024-12-06 17:00:00,243.65,243.73,242.95,243.035,61020
2024-12-06 18:00:00,243.025,243.63,242.95,243.63,60157
2024-12-06 19:00:00,243.62,243.63,242.94,242.97,50623
2024-12-06 20:00:00,242.94,243.4,242.52,242.69,176259
2024-12-09 14:00:00,241.865,244.14,241.8,243.99,115798
2024-12-09 15:00:00,243.92,246.26,243.805,246.02,193777
2024-12-09 16:00:00,246.045,247.225,246.01,246.88,205438
2024-12-09 17:00:00,246.87,247.24,245.72,246.19,124437
2024-12-09 18:00:00,246.205,247.005,246.14,246.74,73031
2024-12-09 19:00:00,246.66,246.72,245.9,246.385,74029
2024-12-09 20:00:00,246.425,247.06,246.155,246.89,191660
2024-12-10 14:00:00,246.91,247.75,245.89,247.73,141274
2024-12-10 15:00:00,247.63,247.63,245.84,245.895,98705
2024-12-10 16:00:00,245.885,246.52,245.35,246.415,145437
2024-12-10 17:00:00,246.41,247.3,246.41,246.91,51646
2024-12-10 18:00:00,246.795,247.77,246.725,247.6,65746
2024-12-10 19:00:00,247.595,248.08,247.39,248.04,125166
2024-12-10 20:00:00,248.05,248.205,247.38,247.81,184031
2024-12-11 14:00:00,247.96,249.79,247.65,249.285,110638
2024-12-11 15:00:00,249.31,250.18,249.135,250.16,122504
2024-12-11 16:00:00,250.15,250.77,249.36,249.52,99948
2024-12-11 17:00:00,249.53,249.835,249.1,249.205,40047
2024-12-11 18:00:00,249.225,249.44,248.36,248.415,34585
2024-12-11 19:00:00,248.375,248.55,247.59,247.805,70037
2024-12-11 20:00:00,247.835,247.895,246.275,246.455,260170
2024-12-12 14:00:00,246.93,247.445,245.75,246.64,93066
2024-12-12 15:00:00,246.57,248.535,246.01,248.015,109098
2024-12-12 16:00:00,248.055,248.58,247.68,248.205,66429
2024-12-12 17:00:00,248.18,248.545,247.65,248.545,82150
2024-12-12 18:00:00,248.55,248.73,248.385,248.52,73530
2024-12-12 19:00:00,248.55,248.73,247.81,247.935,51287
2024-12-12 20:00:00,247.94,248.2,247.47,248.02,144445
2024-12-13 14:00:00,247.91,249.245,247.84,248.34,103394
2024-12-13 15:00:00,248.35,248.35,246.98,247.24,107486
2024-12-13 16:00:00,247.24,247.29,246.42,246.715,123508
2024-12-13 17:00:00,246.685,246.855,246.25,246.58,73182
2024-12-13 18:00:00,246.565,247.87,246.565,247.84,63745
2024-12-13 19:00:00,247.83,248.02,247.625,247.855,50147
2024-12-13 20:00:00,247.86,248.29,247.78,248.08,117235
2024-12-16 14:00:00,247.955,249.99,247.73,248.62,111965
2024-12-16 15:00:00,248.615,249.48,248.5,249.3,85418
2024-12-16 16:00:00,249.33,250.285,249.19,250.275,232379
2024-12-16 17:00:00,250.275,251.355,249.79,251.27,151722
2024-12-16 18:00:00,251.22,251.26,250.58,250.9,75047
2024-12-16 19:00:00,250.86,251.2,250.71,250.88,89015
2024-12-16 20:00:00,250.72,251.1,249.965,251.03,180577
2024-12-17 14:00:00,250.19,252.97,249.87,252.04,166393
2024-12-17 15:00:00,252.04,252.65,251.78,252.35,209261
2024-12-17 16:00:00,252.335,253.34,252.25,253.07,254088
2024-12-17 17:00:00,253.085,253.3,252.59,252.93,162500
2024-12-17 18:00:00,252.83,253.62,252.73,253.32,109209
2024-12-17 19:00:00,253.35,253.4,252.92,253.25,107313
2024-12-17 20:00:00,253.25,253.8,252.655,253.5,398190
2024-12-18 14:00:00,252.22,253.38,251.33,252.035,152871
2024-12-18 15:00:00,252.035,253.8,251.98,253.46,154036
2024-12-18 16:00:00,253.535,253.615,252.85,253.52,109792
2024-12-18 17:00:00,253.38,254.02,253.36,253.84,70610
2024-12-18 18:00:00,253.84,254.265,253.64,254.09,135336
2024-12-18 19:00:00,254.08,254.08,250.92,251.02,161891
2024-12-18 20:00:00,251.04,251.36,247.74,247.95,590824
2024-12-18 21:00:00,246.18,246.18,246.18,246.18,100
2024-12-19 14:00:00,247.46,249.17,247.11,248.675,142622
2024-12-19 15:00:00,248.67,251.02,248.66,250.48,319053
2024-12-19 16:00:00,250.43,251.84,249.51,251.14,220948
2024-12-19 17:00:00,251.16,251.66,249.755,250.635,191911
2024-12-19 18:00:00,250.635,251.34,249.84,251.34,84406
2024-12-19 19:00:00,251.26,251.44,250.06,250.06,71421
2024-12-19 20:00:00,250.05,250.54,249.44,249.73,234257
2024-12-19 21:00:00,249.89,249.89,249.89,249.89,100
2024-12-20 14:00:00,248.175,248.64,246.335,246.845,101088
2024-12-20 15:00:00,246.915,250.375,246.85,249.98,178431
2024-12-20 16:00:00,250.0,253.38,249.88,253.19,201649
2024-12-20 17:00:00,253.115,253.92,253.0,253.38,165073
2024-12-20 18:00:00,253.36,253.45,252.71,252.87,112958
2024-12-20 19:00:00,252.86,253.8,252.685,253.6,96191
2024-12-20 20:00:00,253.61,255.0,252.87,254.6,337840
2024-12-23 14:00:00,254.84,255.615,253.93,254.97,181369
2024-12-23 15:00:00,255.035,255.035,253.45,254.26,134356
2024-12-24 14:00:00,255.52,257.0,255.36,256.77,100687
2024-12-24 15:00:00,256.815,258.0,256.6,257.65,121640
2024-12-24 16:00:00,257.56,257.71,256.89,257.06,83253
2024-12-24 17:00:00,257.04,258.19,257.03,258.18,150527
2024-12-26 14:00:00,258.355,260.1,258.06,258.88,108373
2024-12-26 15:00:00,258.82,258.83,257.68,258.34,72239
2024-12-26 16:00:00,258.38,259.21,258.32,258.9,52153
2024-12-26 17:00:00,258.88,259.32,258.58,258.85,46261
2024-12-26 18:00:00,258.93,259.03,258.465,258.62,47761
2024-12-26 19:00:00,258.615,259.075,258.455,259.065,42425
2024-12-26 20:00:00,259.145,259.51,259.065,259.15,121088
2024-12-27 14:00:00,257.93,258.64,256.16,256.44,71392
2024-12-27 15:00:00,256.65,256.65,254.525,254.97,183467
2024-12-27 16:00:00,254.965,255.03,253.37,253.635,183678
2024-12-27 17:00:00,253.61,254.54,253.07,254.54,121575
2024-12-27 18:00:00,254.485,255.31,254.29,255.27,60125
2024-12-27 19:00:00,255.21,255.55,254.975,255.465,49322
2024-12-27 20:00:00,255.425,255.82,254.965,255.635,242142
2024-12-30 14:00:00,252.085,252.97,250.89,251.28,127170
2024-12-30 15:00:00,251.22,252.15,250.75,251.7,167984
2024-12-30 16:00:00,251.685,252.62,251.07,252.51,110409
2024-12-30 17:00:00,252.48,253.45,252.365,253.45,83188
2024-12-30 18:00:00,253.38,253.38,252.535,253.14,68997
2024-12-30 19:00:00,253.13,253.5,252.6,253.33,80242
2024-12-30 20:00:00,253.33,253.48,252.15,252.15,219439
2024-12-31 14:00:00,252.6,253.14,251.58,252.23,93978
2024-12-31 15:00:00,252.215,252.39,251.35,251.83,89388
2024-12-31 16:00:00,251.83,251.835,251.02,251.24,86621
2024-12-31 17:00:00,251.3,251.52,250.06,250.64,126495
2024-12-31 18:00:00,250.66,250.72,249.45,249.875,98555
2024-12-31 19:00:00,249.86,250.4,249.69,250.38,74208
2024-12-31 20:00:00,250.35,251.055,249.55,250.545,233875
